instant,dteday,season,yr,mnth,holiday,weekday,workingday,weathersit,temp,atemp,hum,windspeed,d_temp,d_atemp,d_hum,d_windspeed,casual,registered,cnt
1,01-01-2011,1,0,1,0,6,0,2,0.344167,0.363625,0.805833,0.160446,8.175849,7.99925,80.5833,10.749882,331,654,985
2,02-01-2011,1,0,1,0,0,0,2,0.363478,0.353739,0.696087,0.248539,9.083466,7.346774,69.6087,16.652113,131,670,801
3,03-01-2011,1,0,1,0,1,1,1,0.196364,0.189405,0.437273,0.248309,1.229108,-3.49927,43.7273,16.636703,120,1229,1349
4,04-01-2011,1,0,1,0,2,1,1,0.2,0.212122,0.590435,0.160296,1.4,-1.999948,59.0435,10.739832,108,1454,1562
5,05-01-2011,1,0,1,0,3,1,1,0.226957,0.22927,0.436957,0.1869,2.666979,-0.86818,43.6957,12.5223,82,1518,1600
6,06-01-2011,1,0,1,0,4,1,1,0.204348,0.233209,0.518261,0.0895652,1.604356,-0.608206,51.8261,6.0008684,88,1518,1606
7,07-01-2011,1,0,1,0,5,1,2,0.196522,0.208839,0.498696,0.168726,1.236534,-2.216626,49.8696,11.304642,148,1362,1510
8,08-01-2011,1,0,1,0,6,0,2,0.165,0.162254,0.535833,0.266804,-0.245,-5.291236,53.5833,17.875868,68,891,959
9,09-01-2011,1,0,1,0,0,0,1,0.138333,0.116175,0.434167,0.36195,-1.498349,-8.33245,43.4167,24.25065,54,768,822
10,10-01-2011,1,0,1,0,1,1,1,0.150833,0.150888,0.482917,0.223267,-0.910849,-6.041392,48.2917,14.958889,41,1280,1321
11,11-01-2011,1,0,1,0,2,1,2,0.169091,0.191464,0.686364,0.122132,-0.052723,-3.363376,68.6364,8.182844,43,1220,1263
12,12-01-2011,1,0,1,0,3,1,1,0.172727,0.160473,0.599545,0.304627,0.118169,-5.408782,59.9545,20.410009,25,1137,1162
13,13-01-2011,1,0,1,0,4,1,1,0.165,0.150883,0.470417,0.301,-0.245,-6.041722,47.0417,20.167,38,1368,1406
14,14-01-2011,1,0,1,0,5,1,1,0.16087,0.188413,0.537826,0.126548,-0.43911,-3.564742,53.7826,8.478716,54,1367,1421
15,15-01-2011,1,0,1,0,6,0,2,0.233333,0.248112,0.49875,0.157963,2.966651,0.375392,49.875,10.583521,222,1026,1248
16,16-01-2011,1,0,1,0,0,0,1,0.231667,0.234217,0.48375,0.188433,2.888349,-0.541678,48.375,12.625011,251,953,1204
17,17-01-2011,1,0,1,1,1,0,2,0.175833,0.176771,0.5375,0.194017,0.264151,-4.333114,53.75,12.999139,117,883,1000
18,18-01-2011,1,0,1,0,2,1,2,0.216667,0.232333,0.861667,0.146775,2.183349,-0.666022,86.1667,9.833925,9,674,683
19,19-01-2011,1,0,1,0,3,1,2,0.292174,0.298422,0.741739,0.208317,5.732178,3.695852,74.1739,13.957239,78,1572,1650
20,20-01-2011,1,0,1,0,4,1,2,0.261667,0.25505,0.538333,0.195904,4.298349,0.8333,53.8333,13.125568,83,1844,1927
21,21-01-2011,1,0,1,0,5,1,1,0.1775,0.157833,0.457083,0.353242,0.3425,-5.583022,45.7083,23.667214,75,1468,1543
22,22-01-2011,1,0,1,0,6,0,1,0.0591304,0.0790696,0.4,0.17197,-5.2208712,-10.7814064,40,11.52199,93,888,981
23,23-01-2011,1,0,1,0,0,0,1,0.0965217,0.0988391,0.436522,0.2466,-3.4634801,-9.4766194,43.6522,16.5222,150,836,986
24,24-01-2011,1,0,1,0,1,1,1,0.0973913,0.11793,0.491739,0.15833,-3.4226089,-8.21662,49.1739,10.60811,86,1330,1416
25,25-01-2011,1,0,1,0,2,1,2,0.223478,0.234526,0.616957,0.129796,2.503466,-0.521284,61.6957,8.696332,186,1799,1985
26,26-01-2011,1,0,1,0,3,1,3,0.2175,0.2036,0.8625,0.29385,2.2225,-2.5624,86.25,19.68795,34,472,506
27,27-01-2011,1,0,1,0,4,1,1,0.195,0.2197,0.6875,0.113837,1.165,-1.4998,68.75,7.627079,15,416,431
28,28-01-2011,1,0,1,0,5,1,2,0.203478,0.223317,0.793043,0.1233,1.563466,-1.261078,79.3043,8.2611,38,1129,1167
29,29-01-2011,1,0,1,0,6,0,1,0.196522,0.212126,0.651739,0.145365,1.236534,-1.999684,65.1739,9.739455,123,975,1098
30,30-01-2011,1,0,1,0,0,0,1,0.216522,0.250322,0.722174,0.0739826,2.176534,0.521252,72.2174,4.9568342,140,956,1096
31,31-01-2011,1,0,1,0,1,1,2,0.180833,0.18625,0.60375,0.187192,0.499151,-3.7075,60.375,12.541864,42,1459,1501
32,01-02-2011,1,0,2,0,2,1,2,0.192174,0.23453,0.829565,0.053213,1.032178,-0.52102,82.9565,3.565271,47,1313,1360
33,02-02-2011,1,0,2,0,3,1,2,0.26,0.254417,0.775417,0.264308,4.22,0.791522,77.5417,17.708636,72,1454,1526
34,03-02-2011,1,0,2,0,4,1,1,0.186957,0.177878,0.437826,0.277752,0.786979,-4.260052,43.7826,18.609384,61,1489,1550
35,04-02-2011,1,0,2,0,5,1,2,0.211304,0.228587,0.585217,0.127839,1.931288,-0.913258,58.5217,8.565213,88,1620,1708
36,05-02-2011,1,0,2,0,6,0,2,0.233333,0.243058,0.929167,0.161079,2.966651,0.041828,92.9167,10.792293,100,905,1005
37,06-02-2011,1,0,2,0,0,0,1,0.285833,0.291671,0.568333,0.1418,5.434151,3.250286,56.8333,9.5006,354,1269,1623
38,07-02-2011,1,0,2,0,1,1,1,0.271667,0.303658,0.738333,0.0454083,4.768349,4.041428,73.8333,3.0423561,120,1592,1712
39,08-02-2011,1,0,2,0,2,1,1,0.220833,0.198246,0.537917,0.36195,2.379151,-2.915764,53.7917,24.25065,64,1466,1530
40,09-02-2011,1,0,2,0,3,1,2,0.134783,0.144283,0.494783,0.188839,-1.665199,-6.477322,49.4783,12.652213,53,1552,1605
41,10-02-2011,1,0,2,0,4,1,1,0.144348,0.149548,0.437391,0.221935,-1.215644,-6.129832,43.7391,14.869645,47,1491,1538
42,11-02-2011,1,0,2,0,5,1,1,0.189091,0.213509,0.506364,0.10855,0.887277,-1.908406,50.6364,7.27285,149,1597,1746
43,12-02-2011,1,0,2,0,6,0,1,0.2225,0.232954,0.544167,0.203367,2.4575,-0.625036,54.4167,13.625589,288,1184,1472
44,13-02-2011,1,0,2,0,0,0,1,0.316522,0.324113,0.457391,0.260883,6.876534,5.391458,45.7391,17.479161,397,1192,1589
45,14-02-2011,1,0,2,0,1,1,1,0.415,0.39835,0.375833,0.417908,11.505,10.2911,37.5833,27.999836,208,1705,1913
46,15-02-2011,1,0,2,0,2,1,1,0.266087,0.254274,0.314348,0.291374,4.506089,0.782084,31.4348,19.522058,140,1675,1815
47,16-02-2011,1,0,2,0,3,1,1,0.318261,0.3162,0.423478,0.251791,6.958267,4.8692,42.3478,16.869997,218,1897,2115
48,17-02-2011,1,0,2,0,4,1,1,0.435833,0.428658,0.505,0.230104,12.484151,12.291428,50.5,15.416968,259,2216,2475
49,18-02-2011,1,0,2,0,5,1,1,0.521667,0.511983,0.516667,0.264925,16.518349,17.790878,51.6667,17.749975,579,2348,2927
50,19-02-2011,1,0,2,0,6,0,1,0.399167,0.391404,0.187917,0.507463,10.760849,9.832664,18.7917,34.000021,532,1103,1635
51,20-02-2011,1,0,2,0,0,0,1,0.285217,0.27733,0.407826,0.223235,5.405199,2.30378,40.7826,14.956745,639,1173,1812
52,21-02-2011,1,0,2,1,1,0,2,0.303333,0.284075,0.605,0.307846,6.256651,2.74895,60.5,20.625682,195,912,1107
53,22-02-2011,1,0,2,0,2,1,1,0.182222,0.186033,0.577778,0.195683,0.564434,-3.721822,57.7778,13.110761,74,1376,1450
54,23-02-2011,1,0,2,0,3,1,1,0.221739,0.245717,0.423043,0.094113,2.421733,0.217322,42.3043,6.305571,139,1778,1917
55,24-02-2011,1,0,2,0,4,1,2,0.295652,0.289191,0.697391,0.250496,5.895644,3.086606,69.7391,16.783232,100,1707,1807
56,25-02-2011,1,0,2,0,5,1,2,0.364348,0.350461,0.712174,0.346539,9.124356,7.130426,71.2174,23.218113,120,1341,1461
57,26-02-2011,1,0,2,0,6,0,1,0.2825,0.282192,0.537917,0.186571,5.2775,2.624672,53.7917,12.500257,424,1545,1969
58,27-02-2011,1,0,2,0,0,0,1,0.343478,0.351109,0.68,0.125248,8.143466,7.173194,68,8.391616,694,1708,2402
59,28-02-2011,1,0,2,0,1,1,2,0.407273,0.400118,0.876364,0.289686,11.141831,10.407788,87.6364,19.408962,81,1365,1446
60,01-03-2011,1,0,3,0,2,1,1,0.266667,0.263879,0.535,0.216425,4.533349,1.416014,53.5,14.500475,137,1714,1851
61,02-03-2011,1,0,3,0,3,1,1,0.335,0.320071,0.449583,0.307833,7.745,5.124686,44.9583,20.624811,231,1903,2134
62,03-03-2011,1,0,3,0,4,1,1,0.198333,0.200133,0.318333,0.225754,1.321651,-2.791222,31.8333,15.125518,123,1562,1685
63,04-03-2011,1,0,3,0,5,1,2,0.261667,0.255679,0.610417,0.203346,4.298349,0.874814,61.0417,13.624182,214,1730,1944
64,05-03-2011,1,0,3,0,6,0,2,0.384167,0.378779,0.789167,0.251871,10.055849,8.999414,78.9167,16.875357,640,1437,2077
65,06-03-2011,1,0,3,0,0,0,2,0.376522,0.366252,0.948261,0.343287,9.696534,8.172632,94.8261,23.000229,114,491,605
66,07-03-2011,1,0,3,0,1,1,1,0.261739,0.238461,0.551304,0.341352,4.301733,-0.261574,55.1304,22.870584,244,1628,1872
67,08-03-2011,1,0,3,0,2,1,1,0.2925,0.3024,0.420833,0.12065,5.7475,3.9584,42.0833,8.08355,316,1817,2133
68,09-03-2011,1,0,3,0,3,1,2,0.295833,0.286608,0.775417,0.22015,5.904151,2.916128,77.5417,14.75005,191,1700,1891
69,10-03-2011,1,0,3,0,4,1,3,0.389091,0.385668,0,0.261877,10.287277,9.454088,0,17.545759,46,577,623
70,11-03-2011,1,0,3,0,5,1,2,0.316522,0.305,0.649565,0.23297,6.876534,4.13,64.9565,15.60899,247,1730,1977
71,12-03-2011,1,0,3,0,6,0,1,0.329167,0.32575,0.594583,0.220775,7.470849,5.4995,59.4583,14.791925,724,1408,2132
72,13-03-2011,1,0,3,0,0,0,1,0.384348,0.380091,0.527391,0.270604,10.064356,9.086006,52.7391,18.130468,982,1435,2417
73,14-03-2011,1,0,3,0,1,1,1,0.325217,0.332,0.496957,0.136926,7.285199,5.912,49.6957,9.174042,359,1687,2046
74,15-03-2011,1,0,3,0,2,1,2,0.317391,0.318178,0.655652,0.184309,6.917377,4.999748,65.5652,12.348703,289,1767,2056
75,16-03-2011,1,0,3,0,3,1,2,0.365217,0.36693,0.776522,0.203117,9.165199,8.21738,77.6522,13.608839,321,1871,2192
76,17-03-2011,1,0,3,0,4,1,1,0.415,0.410333,0.602917,0.209579,11.505,11.081978,60.2917,14.041793,424,2320,2744
77,18-03-2011,1,0,3,0,5,1,1,0.54,0.527009,0.525217,0.231017,17.38,18.782594,52.5217,15.478139,884,2355,3239
78,19-03-2011,1,0,3,0,6,0,1,0.4725,0.466525,0.379167,0.368167,14.2075,14.79065,37.9167,24.667189,1424,1693,3117
79,20-03-2011,1,0,3,0,0,0,1,0.3325,0.32575,0.47375,0.207721,7.6275,5.4995,47.375,13.917307,1047,1424,2471
80,21-03-2011,2,0,3,0,1,1,2,0.430435,0.409735,0.737391,0.288783,12.230445,11.04251,73.7391,19.348461,401,1676,2077
81,22-03-2011,2,0,3,0,2,1,1,0.441667,0.440642,0.624583,0.22575,12.758349,13.082372,62.4583,15.12525,460,2243,2703
82,23-03-2011,2,0,3,0,3,1,2,0.346957,0.337939,0.839565,0.234261,8.306979,6.303974,83.9565,15.695487,203,1918,2121
83,24-03-2011,2,0,3,0,4,1,2,0.285,0.270833,0.805833,0.243787,5.395,1.874978,80.5833,16.333729,166,1699,1865
84,25-03-2011,2,0,3,0,5,1,1,0.264167,0.256312,0.495,0.230725,4.415849,0.916592,49.5,15.458575,300,1910,2210
85,26-03-2011,2,0,3,0,6,0,1,0.265833,0.257571,0.394167,0.209571,4.494151,0.999686,39.4167,14.041257,981,1515,2496
86,27-03-2011,2,0,3,0,0,0,2,0.253043,0.250339,0.493913,0.1843,3.893021,0.522374,49.3913,12.3481,472,1221,1693
87,28-03-2011,2,0,3,0,1,1,1,0.264348,0.257574,0.302174,0.212204,4.424356,0.999884,30.2174,14.217668,222,1806,2028
88,29-03-2011,2,0,3,0,2,1,1,0.3025,0.292908,0.314167,0.226996,6.2175,3.331928,31.4167,15.208732,317,2108,2425
89,30-03-2011,2,0,3,0,3,1,2,0.3,0.29735,0.646667,0.172888,6.1,3.6251,64.6667,11.583496,168,1368,1536
90,31-03-2011,2,0,3,0,4,1,3,0.268333,0.257575,0.918333,0.217646,4.611651,0.99995,91.8333,14.582282,179,1506,1685
91,01-04-2011,2,0,4,0,5,1,2,0.3,0.283454,0.68625,0.258708,6.1,2.707964,68.625,17.333436,307,1920,2227
92,02-04-2011,2,0,4,0,6,0,2,0.315,0.315637,0.65375,0.197146,6.805,4.832042,65.375,13.208782,898,1354,2252
93,03-04-2011,2,0,4,0,0,0,1,0.378333,0.378767,0.48,0.182213,9.781651,8.998622,48,12.208271,1651,1598,3249
94,04-04-2011,2,0,4,0,1,1,1,0.573333,0.542929,0.42625,0.385571,18.946651,19.833314,42.625,25.833257,734,2381,3115
95,05-04-2011,2,0,4,0,2,1,2,0.414167,0.39835,0.642083,0.388067,11.465849,10.2911,64.2083,26.000489,167,1628,1795
96,06-04-2011,2,0,4,0,3,1,1,0.390833,0.387608,0.470833,0.263063,10.369151,9.582128,47.0833,17.625221,413,2395,2808
97,07-04-2011,2,0,4,0,4,1,1,0.4375,0.433696,0.602917,0.162312,12.5625,12.623936,60.2917,10.874904,571,2570,3141
98,08-04-2011,2,0,4,0,5,1,2,0.335833,0.324479,0.83625,0.226992,7.784151,5.415614,83.625,15.208464,172,1299,1471
99,09-04-2011,2,0,4,0,6,0,2,0.3425,0.341529,0.8775,0.133083,8.0975,6.540914,87.75,8.916561,879,1576,2455
100,10-04-2011,2,0,4,0,0,0,2,0.426667,0.426737,0.8575,0.146767,12.053349,12.164642,85.75,9.833389,1188,1707,2895
101,11-04-2011,2,0,4,0,1,1,2,0.595652,0.565217,0.716956,0.324474,19.995644,21.304322,71.6956,21.739758,855,2493,3348
102,12-04-2011,2,0,4,0,2,1,2,0.5025,0.493054,0.739167,0.274879,15.6175,16.541564,73.9167,18.416893,257,1777,2034
103,13-04-2011,2,0,4,0,3,1,2,0.4125,0.417283,0.819167,0.250617,11.3875,11.540678,81.9167,16.791339,209,1953,2162
104,14-04-2011,2,0,4,0,4,1,1,0.4675,0.462742,0.540417,0.1107,13.9725,14.540972,54.0417,7.4169,529,2738,3267
105,15-04-2011,2,0,4,1,5,0,1,0.446667,0.441913,0.67125,0.226375,12.993349,13.166258,67.125,15.167125,642,2484,3126
106,16-04-2011,2,0,4,0,6,0,3,0.430833,0.425492,0.888333,0.340808,12.249151,12.082472,88.8333,22.834136,121,674,795
107,17-04-2011,2,0,4,0,0,0,1,0.456667,0.445696,0.479583,0.303496,13.463349,13.415936,47.9583,20.334232,1558,2186,3744
108,18-04-2011,2,0,4,0,1,1,1,0.5125,0.503146,0.5425,0.163567,16.0875,17.207636,54.25,10.958989,669,2760,3429
109,19-04-2011,2,0,4,0,2,1,2,0.505833,0.489258,0.665833,0.157971,15.774151,16.291028,66.5833,10.584057,409,2795,3204
110,20-04-2011,2,0,4,0,3,1,1,0.595,0.564392,0.614167,0.241925,19.965,21.249872,61.4167,16.208975,613,3331,3944
111,21-04-2011,2,0,4,0,4,1,1,0.459167,0.453892,0.407083,0.325258,13.580849,13.956872,40.7083,21.792286,745,3444,4189
112,22-04-2011,2,0,4,0,5,1,2,0.336667,0.321954,0.729583,0.219521,7.823349,5.248964,72.9583,14.707907,177,1506,1683
113,23-04-2011,2,0,4,0,6,0,2,0.46,0.450121,0.887917,0.230725,13.62,13.707986,88.7917,15.458575,1462,2574,4036
114,24-04-2011,2,0,4,0,0,0,2,0.581667,0.551763,0.810833,0.192175,19.338349,20.416358,81.0833,12.875725,1710,2481,4191
115,25-04-2011,2,0,4,0,1,1,1,0.606667,0.5745,0.776667,0.185333,20.513349,21.917,77.6667,12.417311,773,3300,4073
116,26-04-2011,2,0,4,0,2,1,1,0.631667,0.594083,0.729167,0.3265,21.688349,23.209478,72.9167,21.8755,678,3722,4400
117,27-04-2011,2,0,4,0,3,1,2,0.62,0.575142,0.835417,0.3122,21.14,21.959372,83.5417,20.9174,547,3325,3872
118,28-04-2011,2,0,4,0,4,1,2,0.6175,0.578929,0.700833,0.320908,21.0225,22.209314,70.0833,21.500836,569,3489,4058
119,29-04-2011,2,0,4,0,5,1,1,0.51,0.497463,0.457083,0.240063,15.97,16.832558,45.7083,16.084221,878,3717,4595
120,30-04-2011,2,0,4,0,6,0,1,0.4725,0.464021,0.503333,0.235075,14.2075,14.625386,50.3333,15.750025,1965,3347,5312
121,01-05-2011,2,0,5,0,0,0,2,0.451667,0.448204,0.762083,0.106354,13.228349,13.581464,76.2083,7.125718,1138,2213,3351
122,02-05-2011,2,0,5,0,1,1,2,0.549167,0.532833,0.73,0.183454,17.810849,19.166978,73,12.291418,847,3554,4401
123,03-05-2011,2,0,5,0,2,1,2,0.616667,0.582079,0.697083,0.342667,20.983349,22.417214,69.7083,22.958689,603,3848,4451
124,04-05-2011,2,0,5,0,3,1,2,0.414167,0.40465,0.737083,0.328996,11.465849,10.7069,73.7083,22.042732,255,2378,2633
125,05-05-2011,2,0,5,0,4,1,1,0.459167,0.441917,0.444167,0.295392,13.580849,13.166522,44.4167,19.791264,614,3819,4433
126,06-05-2011,2,0,5,0,5,1,1,0.479167,0.474117,0.59,0.228246,14.520849,15.291722,59,15.292482,894,3714,4608
127,07-05-2011,2,0,5,0,6,0,1,0.52,0.512621,0.54125,0.16045,16.44,17.832986,54.125,10.75015,1612,3102,4714
128,08-05-2011,2,0,5,0,0,0,1,0.528333,0.518933,0.631667,0.0746375,16.831651,18.249578,63.1667,5.0007125,1401,2932,4333
129,09-05-2011,2,0,5,0,1,1,1,0.5325,0.525246,0.58875,0.176,17.0275,18.666236,58.875,11.792,664,3698,4362
130,10-05-2011,2,0,5,0,2,1,1,0.5325,0.522721,0.489167,0.115671,17.0275,18.499586,48.9167,7.749957,694,4109,4803
131,11-05-2011,2,0,5,0,3,1,1,0.5425,0.5284,0.632917,0.120642,17.4975,18.8744,63.2917,8.083014,550,3632,4182
132,12-05-2011,2,0,5,0,4,1,1,0.535,0.523363,0.7475,0.189667,17.145,18.541958,74.75,12.707689,695,4169,4864
133,13-05-2011,2,0,5,0,5,1,2,0.5125,0.4943,0.863333,0.179725,16.0875,16.6238,86.3333,12.041575,692,3413,4105
134,14-05-2011,2,0,5,0,6,0,2,0.520833,0.500629,0.9225,0.13495,16.479151,17.041514,92.25,9.04165,902,2507,3409
135,15-05-2011,2,0,5,0,0,0,2,0.5625,0.536,0.867083,0.152979,18.4375,19.376,86.7083,10.249593,1582,2971,4553
136,16-05-2011,2,0,5,0,1,1,1,0.5775,0.550512,0.787917,0.126871,19.1425,20.333792,78.7917,8.500357,773,3185,3958
137,17-05-2011,2,0,5,0,2,1,2,0.561667,0.538529,0.837917,0.277354,18.398349,19.542914,83.7917,18.582718,678,3445,4123
138,18-05-2011,2,0,5,0,3,1,2,0.55,0.527158,0.87,0.201492,17.85,18.792428,87,13.499964,536,3319,3855
139,19-05-2011,2,0,5,0,4,1,2,0.530833,0.510742,0.829583,0.108213,16.949151,17.708972,82.9583,7.250271,735,3840,4575
140,20-05-2011,2,0,5,0,5,1,1,0.536667,0.529042,0.719583,0.125013,17.223349,18.916772,71.9583,8.375871,909,4008,4917
141,21-05-2011,2,0,5,0,6,0,1,0.6025,0.571975,0.626667,0.12065,20.3175,21.75035,62.6667,8.08355,2258,3547,5805
142,22-05-2011,2,0,5,0,0,0,1,0.604167,0.5745,0.749583,0.148008,20.395849,21.917,74.9583,9.916536,1576,3084,4660
143,23-05-2011,2,0,5,0,1,1,2,0.631667,0.590296,0.81,0.233842,21.688349,22.959536,81,15.667414,836,3438,4274
144,24-05-2011,2,0,5,0,2,1,2,0.66,0.604813,0.740833,0.207092,23.02,23.917658,74.0833,13.875164,659,3833,4492
145,25-05-2011,2,0,5,0,3,1,1,0.660833,0.615542,0.69625,0.154233,23.059151,24.625772,69.625,10.333611,740,4238,4978
146,26-05-2011,2,0,5,0,4,1,1,0.708333,0.654688,0.6775,0.199642,25.291651,27.209408,67.75,13.376014,758,3919,4677
147,27-05-2011,2,0,5,0,5,1,1,0.681667,0.637008,0.65375,0.240679,24.038349,26.042528,65.375,16.125493,871,3808,4679
148,28-05-2011,2,0,5,0,6,0,1,0.655833,0.612379,0.729583,0.230092,22.824151,24.417014,72.9583,15.416164,2001,2757,4758
149,29-05-2011,2,0,5,0,0,0,1,0.6675,0.61555,0.81875,0.213938,23.3725,24.6263,81.875,14.333846,2355,2433,4788
150,30-05-2011,2,0,5,1,1,0,1,0.733333,0.671092,0.685,0.131225,26.466651,28.292072,68.5,8.792075,1549,2549,4098
151,31-05-2011,2,0,5,0,2,1,1,0.775,0.725383,0.636667,0.111329,28.425,31.875278,63.6667,7.459043,673,3309,3982
152,01-06-2011,2,0,6,0,3,1,2,0.764167,0.720967,0.677083,0.207092,27.915849,31.583822,67.7083,13.875164,513,3461,3974
153,02-06-2011,2,0,6,0,4,1,1,0.715,0.643942,0.305,0.292287,25.605,26.500172,30.5,19.583229,736,4232,4968
154,03-06-2011,2,0,6,0,5,1,1,0.62,0.587133,0.354167,0.253121,21.14,22.750778,35.4167,16.959107,898,4414,5312
155,04-06-2011,2,0,6,0,6,0,1,0.635,0.594696,0.45625,0.123142,21.845,23.249936,45.625,8.250514,1869,3473,5342
156,05-06-2011,2,0,6,0,0,0,2,0.648333,0.616804,0.6525,0.138692,22.471651,24.709064,65.25,9.292364,1685,3221,4906
157,06-06-2011,2,0,6,0,1,1,1,0.678333,0.621858,0.6,0.121896,23.881651,25.042628,60,8.167032,673,3875,4548
158,07-06-2011,2,0,6,0,2,1,1,0.7075,0.65595,0.597917,0.187808,25.2525,27.2927,59.7917,12.583136,763,4070,4833
159,08-06-2011,2,0,6,0,3,1,1,0.775833,0.727279,0.622083,0.136817,28.464151,32.000414,62.2083,9.166739,676,3725,4401
160,09-06-2011,2,0,6,0,4,1,2,0.808333,0.757579,0.568333,0.149883,29.991651,34.000214,56.8333,10.042161,563,3352,3915
161,10-06-2011,2,0,6,0,5,1,1,0.755,0.703292,0.605,0.140554,27.485,30.417272,60.5,9.417118,815,3771,4586
162,11-06-2011,2,0,6,0,6,0,1,0.725,0.678038,0.654583,0.15485,26.075,28.750508,65.4583,10.37495,1729,3237,4966
163,12-06-2011,2,0,6,0,0,0,1,0.6925,0.643325,0.747917,0.163567,24.5475,26.45945,74.7917,10.958989,1467,2993,4460
164,13-06-2011,2,0,6,0,1,1,1,0.635,0.601654,0.494583,0.30535,21.845,23.709164,49.4583,20.45845,863,4157,5020
165,14-06-2011,2,0,6,0,2,1,1,0.604167,0.591546,0.507083,0.269283,20.395849,23.042036,50.7083,18.041961,727,4164,4891
166,15-06-2011,2,0,6,0,3,1,1,0.626667,0.587754,0.471667,0.167912,21.453349,22.791764,47.1667,11.250104,769,4411,5180
167,16-06-2011,2,0,6,0,4,1,2,0.628333,0.595346,0.688333,0.206471,21.531651,23.292836,68.8333,13.833557,545,3222,3767
168,17-06-2011,2,0,6,0,5,1,1,0.649167,0.600383,0.735833,0.143029,22.510849,23.625278,73.5833,9.582943,863,3981,4844
169,18-06-2011,2,0,6,0,6,0,1,0.696667,0.643954,0.670417,0.119408,24.743349,26.500964,67.0417,8.000336,1807,3312,5119
170,19-06-2011,2,0,6,0,0,0,2,0.699167,0.645846,0.666667,0.102,24.860849,26.625836,66.6667,6.834,1639,3105,4744
171,20-06-2011,2,0,6,0,1,1,2,0.635,0.595346,0.74625,0.155475,21.845,23.292836,74.625,10.416825,699,3311,4010
172,21-06-2011,3,0,6,0,2,1,2,0.680833,0.637646,0.770417,0.171025,23.999151,26.084636,77.0417,11.458675,774,4061,4835
173,22-06-2011,3,0,6,0,3,1,1,0.733333,0.693829,0.7075,0.172262,26.466651,29.792714,70.75,11.541554,661,3846,4507
174,23-06-2011,3,0,6,0,4,1,2,0.728333,0.693833,0.703333,0.238804,26.231651,29.792978,70.3333,15.999868,746,4044,4790
175,24-06-2011,3,0,6,0,5,1,1,0.724167,0.656583,0.573333,0.222025,26.035849,27.334478,57.3333,14.875675,969,4022,4991
176,25-06-2011,3,0,6,0,6,0,1,0.695,0.643313,0.483333,0.209571,24.665,26.458658,48.3333,14.041257,1782,3420,5202
177,26-06-2011,3,0,6,0,0,0,1,0.68,0.637629,0.513333,0.0945333,23.96,26.083514,51.3333,6.3337311,1920,3385,5305
178,27-06-2011,3,0,6,0,1,1,2,0.6825,0.637004,0.658333,0.107588,24.0775,26.042264,65.8333,7.208396,854,3854,4708
179,28-06-2011,3,0,6,0,2,1,1,0.744167,0.692558,0.634167,0.144283,26.975849,29.708828,63.4167,9.666961,732,3916,4648
180,29-06-2011,3,0,6,0,3,1,1,0.728333,0.654688,0.497917,0.261821,26.231651,27.209408,49.7917,17.542007,848,4377,5225
181,30-06-2011,3,0,6,0,4,1,1,0.696667,0.637008,0.434167,0.185312,24.743349,26.042528,43.4167,12.415904,1027,4488,5515
182,01-07-2011,3,0,7,0,5,1,1,0.7225,0.652162,0.39625,0.102608,25.9575,27.042692,39.625,6.874736,1246,4116,5362
183,02-07-2011,3,0,7,0,6,0,1,0.738333,0.667308,0.444583,0.115062,26.701651,28.042328,44.4583,7.709154,2204,2915,5119
184,03-07-2011,3,0,7,0,0,0,2,0.716667,0.668575,0.6825,0.228858,25.683349,28.12595,68.25,15.333486,2282,2367,4649
185,04-07-2011,3,0,7,1,1,0,2,0.726667,0.665417,0.637917,0.0814792,26.153349,27.917522,63.7917,5.4591064,3065,2978,6043
186,05-07-2011,3,0,7,0,2,1,1,0.746667,0.696338,0.590417,0.126258,27.093349,29.958308,59.0417,8.459286,1031,3634,4665
187,06-07-2011,3,0,7,0,3,1,1,0.72,0.685633,0.743333,0.149883,25.84,29.251778,74.3333,10.042161,784,3845,4629
188,07-07-2011,3,0,7,0,4,1,1,0.75,0.686871,0.65125,0.1592,27.25,29.333486,65.125,10.6664,754,3838,4592
189,08-07-2011,3,0,7,0,5,1,2,0.709167,0.670483,0.757917,0.225129,25.330849,28.251878,75.7917,15.083643,692,3348,4040
190,09-07-2011,3,0,7,0,6,0,1,0.733333,0.664158,0.609167,0.167912,26.466651,27.834428,60.9167,11.250104,1988,3348,5336
191,10-07-2011,3,0,7,0,0,0,1,0.7475,0.690025,0.578333,0.183471,27.1325,29.54165,57.8333,12.292557,1743,3138,4881
192,11-07-2011,3,0,7,0,1,1,1,0.7625,0.729804,0.635833,0.282337,27.8375,32.167064,63.5833,18.916579,723,3363,4086
193,12-07-2011,3,0,7,0,2,1,1,0.794167,0.739275,0.559167,0.200254,29.325849,32.79215,55.9167,13.417018,662,3596,4258
194,13-07-2011,3,0,7,0,3,1,1,0.746667,0.689404,0.631667,0.146133,27.093349,29.500664,63.1667,9.790911,748,3594,4342
195,14-07-2011,3,0,7,0,4,1,1,0.680833,0.635104,0.47625,0.240667,23.999151,25.916864,47.625,16.124689,888,4196,5084
196,15-07-2011,3,0,7,0,5,1,1,0.663333,0.624371,0.59125,0.182833,23.176651,25.208486,59.125,12.249811,1318,4220,5538
197,16-07-2011,3,0,7,0,6,0,1,0.686667,0.638263,0.585,0.208342,24.273349,26.125358,58.5,13.958914,2418,3505,5923
198,17-07-2011,3,0,7,0,0,0,1,0.719167,0.669833,0.604167,0.245033,25.800849,28.208978,60.4167,16.417211,2006,3296,5302
199,18-07-2011,3,0,7,0,1,1,1,0.746667,0.703925,0.65125,0.215804,27.093349,30.45905,65.125,14.458868,841,3617,4458
200,19-07-2011,3,0,7,0,2,1,1,0.776667,0.747479,0.650417,0.1306,28.503349,33.333614,65.0417,8.7502,752,3789,4541
201,20-07-2011,3,0,7,0,3,1,1,0.768333,0.74685,0.707083,0.113817,28.111651,33.2921,70.7083,7.625739,644,3688,4332
202,21-07-2011,3,0,7,0,4,1,2,0.815,0.826371,0.69125,0.222021,30.305,38.540486,69.125,14.875407,632,3152,3784
203,22-07-2011,3,0,7,0,5,1,1,0.848333,0.840896,0.580417,0.1331,31.871651,39.499136,58.0417,8.9177,562,2825,3387
204,23-07-2011,3,0,7,0,6,0,1,0.849167,0.804287,0.5,0.131221,31.910849,37.082942,50,8.791807,987,2298,3285
205,24-07-2011,3,0,7,0,0,0,1,0.83,0.794829,0.550833,0.169171,31.01,36.458714,55.0833,11.334457,1050,2556,3606
206,25-07-2011,3,0,7,0,1,1,1,0.743333,0.720958,0.757083,0.0908083,26.936651,31.583228,75.7083,6.0841561,568,3272,3840
207,26-07-2011,3,0,7,0,2,1,1,0.771667,0.696979,0.540833,0.200258,28.268349,30.000614,54.0833,13.417286,750,3840,4590
208,27-07-2011,3,0,7,0,3,1,1,0.775,0.690667,0.402917,0.183463,28.425,29.584022,40.2917,12.292021,755,3901,4656
209,28-07-2011,3,0,7,0,4,1,1,0.779167,0.7399,0.583333,0.178479,28.620849,32.8334,58.3333,11.958093,606,3784,4390
210,29-07-2011,3,0,7,0,5,1,1,0.838333,0.785967,0.5425,0.174138,31.401651,35.873822,54.25,11.667246,670,3176,3846
211,30-07-2011,3,0,7,0,6,0,1,0.804167,0.728537,0.465833,0.168537,29.795849,32.083442,46.5833,11.291979,1559,2916,4475
212,31-07-2011,3,0,7,0,0,0,1,0.805833,0.729796,0.480833,0.164813,29.874151,32.166536,48.0833,11.042471,1524,2778,4302
213,01-08-2011,3,0,8,0,1,1,1,0.771667,0.703292,0.550833,0.156717,28.268349,30.417272,55.0833,10.500039,729,3537,4266
214,02-08-2011,3,0,8,0,2,1,1,0.783333,0.707071,0.49125,0.20585,28.816651,30.666686,49.125,13.79195,801,4044,4845
215,03-08-2011,3,0,8,0,3,1,2,0.731667,0.679937,0.6575,0.135583,26.388349,28.875842,65.75,9.084061,467,3107,3574
216,04-08-2011,3,0,8,0,4,1,2,0.71,0.664788,0.7575,0.19715,25.37,27.876008,75.75,13.20905,799,3777,4576
217,05-08-2011,3,0,8,0,5,1,1,0.710833,0.656567,0.630833,0.184696,25.409151,27.333422,63.0833,12.374632,1023,3843,4866
218,06-08-2011,3,0,8,0,6,0,2,0.716667,0.676154,0.755,0.22825,25.683349,28.626164,75.5,15.29275,1521,2773,4294
219,07-08-2011,3,0,8,0,0,0,1,0.7425,0.715292,0.752917,0.201487,26.8975,31.209272,75.2917,13.499629,1298,2487,3785
220,08-08-2011,3,0,8,0,1,1,1,0.765,0.703283,0.592083,0.192175,27.955,30.416678,59.2083,12.875725,846,3480,4326
221,09-08-2011,3,0,8,0,2,1,1,0.775,0.724121,0.570417,0.151121,28.425,31.791986,57.0417,10.125107,907,3695,4602
222,10-08-2011,3,0,8,0,3,1,1,0.766667,0.684983,0.424167,0.200258,28.033349,29.208878,42.4167,13.417286,884,3896,4780
223,11-08-2011,3,0,8,0,4,1,1,0.7175,0.651521,0.42375,0.164796,25.7225,27.000386,42.375,11.041332,812,3980,4792
224,12-08-2011,3,0,8,0,5,1,1,0.708333,0.654042,0.415,0.125621,25.291651,27.166772,41.5,8.416607,1051,3854,4905
225,13-08-2011,3,0,8,0,6,0,2,0.685833,0.645858,0.729583,0.211454,24.234151,26.626628,72.9583,14.167418,1504,2646,4150
226,14-08-2011,3,0,8,0,0,0,2,0.676667,0.624388,0.8175,0.222633,23.803349,25.209608,81.75,14.916411,1338,2482,3820
227,15-08-2011,3,0,8,0,1,1,1,0.665833,0.616167,0.712083,0.208954,23.294151,24.667022,71.2083,13.999918,775,3563,4338
228,16-08-2011,3,0,8,0,2,1,1,0.700833,0.645837,0.578333,0.236329,24.939151,26.625242,57.8333,15.834043,721,4004,4725
229,17-08-2011,3,0,8,0,3,1,1,0.723333,0.666671,0.575417,0.143667,25.996651,28.000286,57.5417,9.625689,668,4026,4694
230,18-08-2011,3,0,8,0,4,1,1,0.711667,0.662258,0.654583,0.233208,25.448349,27.709028,65.4583,15.624936,639,3166,3805
231,19-08-2011,3,0,8,0,5,1,2,0.685,0.633221,0.722917,0.139308,24.195,25.792586,72.2917,9.333636,797,3356,4153
232,20-08-2011,3,0,8,0,6,0,1,0.6975,0.648996,0.674167,0.104467,24.7825,26.833736,67.4167,6.999289,1914,3277,5191
233,21-08-2011,3,0,8,0,0,0,1,0.710833,0.675525,0.77,0.248754,25.409151,28.58465,77,16.666518,1249,2624,3873
234,22-08-2011,3,0,8,0,1,1,1,0.691667,0.638254,0.47,0.27675,24.508349,26.124764,47,18.54225,833,3925,4758
235,23-08-2011,3,0,8,0,2,1,1,0.640833,0.606067,0.455417,0.146763,22.119151,24.000422,45.5417,9.833121,1281,4614,5895
236,24-08-2011,3,0,8,0,3,1,1,0.673333,0.630692,0.605,0.253108,23.646651,25.625672,60.5,16.958236,949,4181,5130
237,25-08-2011,3,0,8,0,4,1,2,0.684167,0.645854,0.771667,0.210833,24.155849,26.626364,77.1667,14.125811,435,3107,3542
238,26-08-2011,3,0,8,0,5,1,1,0.7,0.659733,0.76125,0.0839625,24.9,27.542378,76.125,5.6254875,768,3893,4661
239,27-08-2011,3,0,8,0,6,0,2,0.68,0.635556,0.85,0.375617,23.96,25.946696,85,25.166339,226,889,1115
240,28-08-2011,3,0,8,0,0,0,1,0.707059,0.647959,0.561765,0.304659,25.231773,26.765294,56.1765,20.412153,1415,2919,4334
241,29-08-2011,3,0,8,0,1,1,1,0.636667,0.607958,0.554583,0.159825,21.923349,24.125228,55.4583,10.708275,729,3905,4634
242,30-08-2011,3,0,8,0,2,1,1,0.639167,0.594704,0.548333,0.125008,22.040849,23.250464,54.8333,8.375536,775,4429,5204
243,31-08-2011,3,0,8,0,3,1,1,0.656667,0.611121,0.597917,0.0833333,22.863349,24.333986,59.7917,5.5833311,688,4370,5058
244,01-09-2011,3,0,9,0,4,1,1,0.655,0.614921,0.639167,0.141796,22.785,24.584786,63.9167,9.500332,783,4332,5115
245,02-09-2011,3,0,9,0,5,1,2,0.643333,0.604808,0.727083,0.139929,22.236651,23.917328,72.7083,9.375243,875,3852,4727
246,03-09-2011,3,0,9,0,6,0,1,0.669167,0.633213,0.716667,0.185325,23.450849,25.792058,71.6667,12.416775,1935,2549,4484
247,04-09-2011,3,0,9,0,0,0,1,0.709167,0.665429,0.742083,0.206467,25.330849,27.918314,74.2083,13.833289,2521,2419,4940
248,05-09-2011,3,0,9,1,1,0,2,0.673333,0.625646,0.790417,0.212696,23.646651,25.292636,79.0417,14.250632,1236,2115,3351
249,06-09-2011,3,0,9,0,2,1,3,0.54,0.5152,0.886957,0.343943,17.38,18.0032,88.6957,23.044181,204,2506,2710
250,07-09-2011,3,0,9,0,3,1,3,0.599167,0.544229,0.917083,0.0970208,20.160849,19.919114,91.7083,6.5003936,118,1878,1996
251,08-09-2011,3,0,9,0,4,1,3,0.633913,0.555361,0.939565,0.192748,21.793911,20.653826,93.9565,12.914116,153,1689,1842
252,09-09-2011,3,0,9,0,5,1,2,0.65,0.578946,0.897917,0.124379,22.55,22.210436,89.7917,8.333393,417,3127,3544
253,10-09-2011,3,0,9,0,6,0,1,0.66,0.607962,0.75375,0.153608,23.02,24.125492,75.375,10.291736,1750,3595,5345
254,11-09-2011,3,0,9,0,0,0,1,0.653333,0.609229,0.71375,0.115054,22.706651,24.209114,71.375,7.708618,1633,3413,5046
255,12-09-2011,3,0,9,0,1,1,1,0.644348,0.60213,0.692174,0.088913,22.284356,23.74058,69.2174,5.957171,690,4023,4713
256,13-09-2011,3,0,9,0,2,1,1,0.650833,0.603554,0.7125,0.141804,22.589151,23.834564,71.25,9.500868,701,4062,4763
257,14-09-2011,3,0,9,0,3,1,1,0.673333,0.6269,0.697083,0.1673,23.646651,25.3754,69.7083,11.2091,647,4138,4785
258,15-09-2011,3,0,9,0,4,1,2,0.5775,0.553671,0.709167,0.271146,19.1425,20.542286,70.9167,18.166782,428,3231,3659
259,16-09-2011,3,0,9,0,5,1,2,0.469167,0.461475,0.590417,0.164183,14.050849,14.45735,59.0417,11.000261,742,4018,4760
260,17-09-2011,3,0,9,0,6,0,2,0.491667,0.478512,0.718333,0.189675,15.108349,15.581792,71.8333,12.708225,1434,3077,4511
261,18-09-2011,3,0,9,0,0,0,1,0.5075,0.490537,0.695,0.178483,15.8525,16.375442,69.5,11.958361,1353,2921,4274
262,19-09-2011,3,0,9,0,1,1,2,0.549167,0.529675,0.69,0.151742,17.810849,18.95855,69,10.166714,691,3848,4539
263,20-09-2011,3,0,9,0,2,1,2,0.561667,0.532217,0.88125,0.134954,18.398349,19.126322,88.125,9.041918,438,3203,3641
264,21-09-2011,3,0,9,0,3,1,2,0.595,0.550533,0.9,0.0964042,19.965,20.335178,90,6.4590814,539,3813,4352
265,22-09-2011,3,0,9,0,4,1,2,0.628333,0.554963,0.902083,0.128125,21.531651,20.627558,90.2083,8.584375,555,4240,4795
266,23-09-2011,4,0,9,0,5,1,2,0.609167,0.522125,0.9725,0.0783667,20.630849,18.46025,97.25,5.2505689,258,2137,2395
267,24-09-2011,4,0,9,0,6,0,2,0.606667,0.564412,0.8625,0.0783833,20.513349,21.251192,86.25,5.2516811,1776,3647,5423
268,25-09-2011,4,0,9,0,0,0,2,0.634167,0.572637,0.845,0.0503792,21.805849,21.794042,84.5,3.3754064,1544,3466,5010
269,26-09-2011,4,0,9,0,1,1,2,0.649167,0.589042,0.848333,0.1107,22.510849,22.876772,84.8333,7.4169,684,3946,4630
270,27-09-2011,4,0,9,0,2,1,2,0.636667,0.574525,0.885417,0.118171,21.923349,21.91865,88.5417,7.917457,477,3643,4120
271,28-09-2011,4,0,9,0,3,1,2,0.635,0.575158,0.84875,0.148629,21.845,21.960428,84.875,9.958143,480,3427,3907
272,29-09-2011,4,0,9,0,4,1,1,0.616667,0.574512,0.699167,0.172883,20.983349,21.917792,69.9167,11.583161,653,4186,4839
273,30-09-2011,4,0,9,0,5,1,1,0.564167,0.544829,0.6475,0.206475,18.515849,19.958714,64.75,13.833825,830,4372,5202
274,01-10-2011,4,0,10,0,6,0,2,0.41,0.412863,0.75375,0.292296,11.27,11.248958,75.375,19.583832,480,1949,2429
275,02-10-2011,4,0,10,0,0,0,2,0.356667,0.345317,0.791667,0.222013,8.763349,6.790922,79.1667,14.874871,616,2302,2918
276,03-10-2011,4,0,10,0,1,1,2,0.384167,0.392046,0.760833,0.0833458,10.055849,9.875036,76.0833,5.5841686,330,3240,3570
277,04-10-2011,4,0,10,0,2,1,1,0.484167,0.472858,0.71,0.205854,14.755849,15.208628,71,13.792218,486,3970,4456
278,05-10-2011,4,0,10,0,3,1,1,0.538333,0.527138,0.647917,0.17725,17.301651,18.791108,64.7917,11.87575,559,4267,4826
279,06-10-2011,4,0,10,0,4,1,1,0.494167,0.480425,0.620833,0.134954,15.225849,15.70805,62.0833,9.041918,639,4126,4765
280,07-10-2011,4,0,10,0,5,1,1,0.510833,0.504404,0.684167,0.0223917,16.009151,17.290664,68.4167,1.5002439,949,4036,4985
281,08-10-2011,4,0,10,0,6,0,1,0.521667,0.513242,0.70125,0.0454042,16.518349,17.873972,70.125,3.0420814,2235,3174,5409
282,09-10-2011,4,0,10,0,0,0,1,0.540833,0.523983,0.7275,0.06345,17.419151,18.582878,72.75,4.25115,2397,3114,5511
283,10-10-2011,4,0,10,1,1,0,1,0.570833,0.542925,0.73375,0.0423042,18.829151,19.83305,73.375,2.8343814,1514,3603,5117
284,11-10-2011,4,0,10,0,2,1,2,0.566667,0.546096,0.80875,0.143042,18.633349,20.042336,80.875,9.583814,667,3896,4563
285,12-10-2011,4,0,10,0,3,1,3,0.543333,0.517717,0.90625,0.24815,17.536651,18.169322,90.625,16.62605,217,2199,2416
286,13-10-2011,4,0,10,0,4,1,2,0.589167,0.551804,0.896667,0.141787,19.690849,20.419064,89.6667,9.499729,290,2623,2913
287,14-10-2011,4,0,10,0,5,1,2,0.550833,0.529675,0.71625,0.223883,17.889151,18.95855,71.625,15.000161,529,3115,3644
288,15-10-2011,4,0,10,0,6,0,1,0.506667,0.498725,0.483333,0.258083,15.813349,16.91585,48.3333,17.291561,1899,3318,5217
289,16-10-2011,4,0,10,0,0,0,1,0.511667,0.503154,0.486667,0.281717,16.048349,17.208164,48.6667,18.875039,1748,3293,5041
290,17-10-2011,4,0,10,0,1,1,1,0.534167,0.510725,0.579583,0.175379,17.105849,17.70785,57.9583,11.750393,713,3857,4570
291,18-10-2011,4,0,10,0,2,1,2,0.5325,0.522721,0.701667,0.110087,17.0275,18.499586,70.1667,7.375829,637,4111,4748
292,19-10-2011,4,0,10,0,3,1,3,0.541739,0.513848,0.895217,0.243339,17.461733,17.913968,89.5217,16.303713,254,2170,2424
293,20-10-2011,4,0,10,0,4,1,1,0.475833,0.466525,0.63625,0.422275,14.364151,14.79065,63.625,28.292425,471,3724,4195
294,21-10-2011,4,0,10,0,5,1,1,0.4275,0.423596,0.574167,0.221396,12.0925,11.957336,57.4167,14.833532,676,3628,4304
295,22-10-2011,4,0,10,0,6,0,1,0.4225,0.425492,0.629167,0.0926667,11.8575,12.082472,62.9167,6.2086689,1499,2809,4308
296,23-10-2011,4,0,10,0,0,0,1,0.421667,0.422333,0.74125,0.0995125,11.818349,11.873978,74.125,6.6673375,1619,2762,4381
297,24-10-2011,4,0,10,0,1,1,1,0.463333,0.457067,0.772083,0.118792,13.776651,14.166422,77.2083,7.959064,699,3488,4187
298,25-10-2011,4,0,10,0,2,1,1,0.471667,0.463375,0.622917,0.166658,14.168349,14.58275,62.2917,11.166086,695,3992,4687
299,26-10-2011,4,0,10,0,3,1,2,0.484167,0.472846,0.720417,0.148642,14.755849,15.207836,72.0417,9.959014,404,3490,3894
300,27-10-2011,4,0,10,0,4,1,2,0.47,0.457046,0.812917,0.197763,14.09,14.165036,81.2917,13.250121,240,2419,2659
301,28-10-2011,4,0,10,0,5,1,2,0.330833,0.318812,0.585833,0.229479,7.549151,5.041592,58.5833,15.375093,456,3291,3747
302,29-10-2011,4,0,10,0,6,0,3,0.254167,0.227913,0.8825,0.351371,3.945849,-0.957742,88.25,23.541857,57,570,627
303,30-10-2011,4,0,10,0,0,0,1,0.319167,0.321329,0.62375,0.176617,7.000849,5.207714,62.375,11.833339,885,2446,3331
304,31-10-2011,4,0,10,0,1,1,1,0.34,0.356063,0.703333,0.10635,7.98,7.500158,70.3333,7.12545,362,3307,3669
305,01-11-2011,4,0,11,0,2,1,1,0.400833,0.397088,0.68375,0.135571,10.839151,10.207808,68.375,9.083257,410,3658,4068
306,02-11-2011,4,0,11,0,3,1,1,0.3775,0.390133,0.71875,0.0820917,9.7425,9.748778,71.875,5.5001439,370,3816,4186
307,03-11-2011,4,0,11,0,4,1,1,0.408333,0.405921,0.702083,0.136817,11.191651,10.790786,70.2083,9.166739,318,3656,3974
308,04-11-2011,4,0,11,0,5,1,2,0.403333,0.403392,0.6225,0.271779,10.956651,10.623872,62.25,18.209193,470,3576,4046
309,05-11-2011,4,0,11,0,6,0,1,0.326667,0.323854,0.519167,0.189062,7.353349,5.374364,51.9167,12.667154,1156,2770,3926
310,06-11-2011,4,0,11,0,0,0,1,0.348333,0.362358,0.734583,0.0920542,8.371651,7.915628,73.4583,6.1676314,952,2697,3649
311,07-11-2011,4,0,11,0,1,1,1,0.395,0.400871,0.75875,0.057225,10.565,10.457486,75.875,3.834075,373,3662,4035
312,08-11-2011,4,0,11,0,2,1,1,0.408333,0.412246,0.721667,0.0690375,11.191651,11.208236,72.1667,4.6255125,376,3829,4205
313,09-11-2011,4,0,11,0,3,1,1,0.4,0.409079,0.758333,0.0621958,10.8,10.999214,75.8333,4.1671186,305,3804,4109
314,10-11-2011,4,0,11,0,4,1,2,0.38,0.373721,0.813333,0.189067,9.86,8.665586,81.3333,12.667489,190,2743,2933
315,11-11-2011,4,0,11,1,5,0,1,0.324167,0.306817,0.44625,0.314675,7.235849,4.249922,44.625,21.083225,440,2928,3368
316,12-11-2011,4,0,11,0,6,0,1,0.356667,0.357942,0.552917,0.212062,8.763349,7.624172,55.2917,14.208154,1275,2792,4067
317,13-11-2011,4,0,11,0,0,0,1,0.440833,0.43055,0.458333,0.281721,12.719151,12.4163,45.8333,18.875307,1004,2713,3717
318,14-11-2011,4,0,11,0,1,1,1,0.53,0.524612,0.587083,0.306596,16.91,18.624392,58.7083,20.541932,595,3891,4486
319,15-11-2011,4,0,11,0,2,1,2,0.53,0.507579,0.68875,0.199633,16.91,17.500214,68.875,13.375411,449,3746,4195
320,16-11-2011,4,0,11,0,3,1,3,0.456667,0.451988,0.93,0.136829,13.463349,13.831208,93,9.167543,145,1672,1817
321,17-11-2011,4,0,11,0,4,1,2,0.341667,0.323221,0.575833,0.305362,8.058349,5.332586,57.5833,20.459254,139,2914,3053
322,18-11-2011,4,0,11,0,5,1,1,0.274167,0.272721,0.41,0.168533,4.885849,1.999586,41,11.291711,245,3147,3392
323,19-11-2011,4,0,11,0,6,0,1,0.329167,0.324483,0.502083,0.224496,7.470849,5.415878,50.2083,15.041232,943,2720,3663
324,20-11-2011,4,0,11,0,0,0,2,0.463333,0.457058,0.684583,0.18595,13.776651,14.165828,68.4583,12.45865,787,2733,3520
325,21-11-2011,4,0,11,0,1,1,3,0.4475,0.445062,0.91,0.138054,13.0325,13.374092,91,9.249618,220,2545,2765
326,22-11-2011,4,0,11,0,2,1,3,0.416667,0.421696,0.9625,0.118792,11.583349,11.831936,96.25,7.959064,69,1538,1607
327,23-11-2011,4,0,11,0,3,1,2,0.440833,0.430537,0.757917,0.335825,12.719151,12.415442,75.7917,22.500275,112,2454,2566
328,24-11-2011,4,0,11,1,4,0,1,0.373333,0.372471,0.549167,0.167304,9.546651,8.583086,54.9167,11.209368,560,935,1495
329,25-11-2011,4,0,11,0,5,1,1,0.375,0.380671,0.64375,0.0988958,9.625,9.124286,64.375,6.6260186,1095,1697,2792
330,26-11-2011,4,0,11,0,6,0,1,0.375833,0.385087,0.681667,0.0684208,9.664151,9.415742,68.1667,4.5841936,1249,1819,3068
331,27-11-2011,4,0,11,0,0,0,1,0.459167,0.4558,0.698333,0.208954,13.580849,14.0828,69.8333,13.999918,810,2261,3071
332,28-11-2011,4,0,11,0,1,1,1,0.503478,0.490122,0.743043,0.142122,15.663466,16.348052,74.3043,9.522174,253,3614,3867
333,29-11-2011,4,0,11,0,2,1,2,0.458333,0.451375,0.830833,0.258092,13.541651,13.79075,83.0833,17.292164,96,2818,2914
334,30-11-2011,4,0,11,0,3,1,1,0.325,0.311221,0.613333,0.271158,7.275,4.540586,61.3333,18.167586,188,3425,3613
335,01-12-2011,4,0,12,0,4,1,1,0.3125,0.305554,0.524583,0.220158,6.6875,4.166564,52.4583,14.750586,182,3545,3727
336,02-12-2011,4,0,12,0,5,1,1,0.314167,0.331433,0.625833,0.100754,6.765849,5.874578,62.5833,6.750518,268,3672,3940
337,03-12-2011,4,0,12,0,6,0,1,0.299167,0.310604,0.612917,0.0957833,6.060849,4.499864,61.2917,6.4174811,706,2908,3614
338,04-12-2011,4,0,12,0,0,0,1,0.330833,0.3491,0.775833,0.0839583,7.549151,7.0406,77.5833,5.6252061,634,2851,3485
339,05-12-2011,4,0,12,0,1,1,2,0.385833,0.393925,0.827083,0.0622083,10.134151,9.99905,82.7083,4.1679561,233,3578,3811
340,06-12-2011,4,0,12,0,2,1,3,0.4625,0.4564,0.949583,0.232583,13.7375,14.1224,94.9583,15.583061,126,2468,2594
341,07-12-2011,4,0,12,0,3,1,3,0.41,0.400246,0.970417,0.266175,11.27,10.416236,97.0417,17.833725,50,655,705
342,08-12-2011,4,0,12,0,4,1,1,0.265833,0.256938,0.58,0.240058,4.494151,0.957908,58,16.083886,150,3172,3322
343,09-12-2011,4,0,12,0,5,1,1,0.290833,0.317542,0.695833,0.0827167,5.669151,4.957772,69.5833,5.5420189,261,3359,3620
344,10-12-2011,4,0,12,0,6,0,1,0.275,0.266412,0.5075,0.233221,4.925,1.583192,50.75,15.625807,502,2688,3190
345,11-12-2011,4,0,12,0,0,0,1,0.220833,0.253154,0.49,0.0665417,2.379151,0.708164,49,4.4582939,377,2366,2743
346,12-12-2011,4,0,12,0,1,1,1,0.238333,0.270196,0.670833,0.06345,3.201651,1.832936,67.0833,4.25115,143,3167,3310
347,13-12-2011,4,0,12,0,2,1,1,0.2825,0.301138,0.59,0.14055,5.2775,3.875108,59,9.41685,155,3368,3523
348,14-12-2011,4,0,12,0,3,1,2,0.3175,0.338362,0.66375,0.0609583,6.9225,6.331892,66.375,4.0842061,178,3562,3740
349,15-12-2011,4,0,12,0,4,1,2,0.4225,0.412237,0.634167,0.268042,11.8575,11.207642,63.4167,17.958814,181,3528,3709
350,16-12-2011,4,0,12,0,5,1,2,0.375,0.359825,0.500417,0.260575,9.625,7.74845,50.0417,17.458525,178,3399,3577
351,17-12-2011,4,0,12,0,6,0,2,0.258333,0.249371,0.560833,0.243167,4.141651,0.458486,56.0833,16.292189,275,2464,2739
352,18-12-2011,4,0,12,0,0,0,1,0.238333,0.245579,0.58625,0.169779,3.201651,0.208214,58.625,11.375193,220,2211,2431
353,19-12-2011,4,0,12,0,1,1,1,0.276667,0.280933,0.6375,0.172896,5.003349,2.541578,63.75,11.584032,260,3143,3403
354,20-12-2011,4,0,12,0,2,1,2,0.385833,0.396454,0.595417,0.0615708,10.134151,10.165964,59.5417,4.1252436,216,3534,3750
355,21-12-2011,1,0,12,0,3,1,2,0.428333,0.428017,0.858333,0.2214,12.131651,12.249122,85.8333,14.8338,107,2553,2660
356,22-12-2011,1,0,12,0,4,1,2,0.423333,0.426121,0.7575,0.047275,11.896651,12.123986,75.75,3.167425,227,2841,3068
357,23-12-2011,1,0,12,0,5,1,1,0.373333,0.377513,0.68625,0.274246,9.546651,8.915858,68.625,18.374482,163,2046,2209
358,24-12-2011,1,0,12,0,6,0,1,0.3025,0.299242,0.5425,0.190304,6.2175,3.749972,54.25,12.750368,155,856,1011
359,25-12-2011,1,0,12,0,0,0,1,0.274783,0.279961,0.681304,0.155091,4.914801,2.477426,68.1304,10.391097,303,451,754
360,26-12-2011,1,0,12,1,1,0,1,0.321739,0.315535,0.506957,0.239465,7.121733,4.82531,50.6957,16.044155,430,887,1317
361,27-12-2011,1,0,12,0,2,1,2,0.325,0.327633,0.7625,0.18845,7.275,5.623778,76.25,12.62615,103,1059,1162
362,28-12-2011,1,0,12,0,3,1,1,0.29913,0.279974,0.503913,0.293961,6.05911,2.478284,50.3913,19.695387,255,2047,2302
363,29-12-2011,1,0,12,0,4,1,1,0.248333,0.263892,0.574167,0.119412,3.671651,1.416872,57.4167,8.000604,254,2169,2423
364,30-12-2011,1,0,12,0,5,1,1,0.311667,0.318812,0.636667,0.134337,6.648349,5.041592,63.6667,9.000579,491,2508,2999
365,31-12-2011,1,0,12,0,6,0,1,0.41,0.414121,0.615833,0.220154,11.27,11.331986,61.5833,14.750318,665,1820,2485
366,01-01-2012,1,1,1,0,0,0,1,0.37,0.375621,0.6925,0.192167,9.39,8.790986,69.25,12.875189,686,1608,2294
367,02-01-2012,1,1,1,1,1,0,1,0.273043,0.252304,0.381304,0.329665,4.833021,0.652064,38.1304,22.087555,244,1707,1951
368,03-01-2012,1,1,1,0,2,1,1,0.15,0.126275,0.44125,0.365671,-0.95,-7.66585,44.125,24.499957,89,2147,2236
369,04-01-2012,1,1,1,0,3,1,2,0.1075,0.119337,0.414583,0.1847,-2.9475,-8.123758,41.4583,12.3749,95,2273,2368
370,05-01-2012,1,1,1,0,4,1,1,0.265833,0.278412,0.524167,0.129987,4.494151,2.375192,52.4167,8.709129,140,3132,3272
371,06-01-2012,1,1,1,0,5,1,1,0.334167,0.340267,0.542083,0.167908,7.705849,6.457622,54.2083,11.249836,307,3791,4098
372,07-01-2012,1,1,1,0,6,0,1,0.393333,0.390779,0.531667,0.174758,10.486651,9.791414,53.1667,11.708786,1070,3451,4521
373,08-01-2012,1,1,1,0,0,0,1,0.3375,0.340258,0.465,0.191542,7.8625,6.457028,46.5,12.833314,599,2826,3425
374,09-01-2012,1,1,1,0,1,1,2,0.224167,0.247479,0.701667,0.0989,2.535849,0.333614,70.1667,6.6263,106,2270,2376
375,10-01-2012,1,1,1,0,2,1,1,0.308696,0.318826,0.646522,0.187552,6.508712,5.042516,64.6522,12.565984,173,3425,3598
376,11-01-2012,1,1,1,0,3,1,2,0.274167,0.282821,0.8475,0.131221,4.885849,2.666186,84.75,8.791807,92,2085,2177
377,12-01-2012,1,1,1,0,4,1,2,0.3825,0.381938,0.802917,0.180967,9.9775,9.207908,80.2917,12.124789,269,3828,4097
378,13-01-2012,1,1,1,0,5,1,1,0.274167,0.249362,0.5075,0.378108,4.885849,0.457892,50.75,25.333236,174,3040,3214
379,14-01-2012,1,1,1,0,6,0,1,0.18,0.183087,0.4575,0.187183,0.46,-3.916258,45.75,12.541261,333,2160,2493
380,15-01-2012,1,1,1,0,0,0,1,0.166667,0.161625,0.419167,0.251258,-0.166651,-5.33275,41.9167,16.834286,284,2027,2311
381,16-01-2012,1,1,1,1,1,0,1,0.19,0.190663,0.5225,0.231358,0.93,-3.416242,52.25,15.500986,217,2081,2298
382,17-01-2012,1,1,1,0,2,1,2,0.373043,0.364278,0.716087,0.34913,9.533021,8.042348,71.6087,23.39171,127,2808,2935
383,18-01-2012,1,1,1,0,3,1,1,0.303333,0.275254,0.443333,0.415429,6.256651,2.166764,44.3333,27.833743,109,3267,3376
384,19-01-2012,1,1,1,0,4,1,1,0.19,0.190038,0.4975,0.220158,0.93,-3.457492,49.75,14.750586,130,3162,3292
385,20-01-2012,1,1,1,0,5,1,2,0.2175,0.220958,0.45,0.20275,2.2225,-1.416772,45,13.58425,115,3048,3163
386,21-01-2012,1,1,1,0,6,0,2,0.173333,0.174875,0.83125,0.222642,0.146651,-4.45825,83.125,14.917014,67,1234,1301
387,22-01-2012,1,1,1,0,0,0,2,0.1625,0.16225,0.79625,0.199638,-0.3625,-5.2915,79.625,13.375746,196,1781,1977
388,23-01-2012,1,1,1,0,1,1,2,0.218333,0.243058,0.91125,0.110708,2.261651,0.041828,91.125,7.417436,145,2287,2432
389,24-01-2012,1,1,1,0,2,1,1,0.3425,0.349108,0.835833,0.123767,8.0975,7.041128,83.5833,8.292389,439,3900,4339
390,25-01-2012,1,1,1,0,3,1,1,0.294167,0.294821,0.64375,0.161071,5.825849,3.458186,64.375,10.791757,467,3803,4270
391,26-01-2012,1,1,1,0,4,1,2,0.341667,0.35605,0.769583,0.0733958,8.058349,7.4993,76.9583,4.9175186,244,3831,4075
392,27-01-2012,1,1,1,0,5,1,2,0.425,0.415383,0.74125,0.342667,11.975,11.415278,74.125,22.958689,269,3187,3456
393,28-01-2012,1,1,1,0,6,0,1,0.315833,0.326379,0.543333,0.210829,6.844151,5.541014,54.3333,14.125543,775,3248,4023
394,29-01-2012,1,1,1,0,0,0,1,0.2825,0.272721,0.31125,0.24005,5.2775,1.999586,31.125,16.08335,558,2685,3243
395,30-01-2012,1,1,1,0,1,1,1,0.269167,0.262625,0.400833,0.215792,4.650849,1.33325,40.0833,14.458064,126,3498,3624
396,31-01-2012,1,1,1,0,2,1,1,0.39,0.381317,0.416667,0.261817,10.33,9.166922,41.6667,17.541739,324,4185,4509
397,01-02-2012,1,1,2,0,3,1,1,0.469167,0.466538,0.507917,0.189067,14.050849,14.791508,50.7917,12.667489,304,4275,4579
398,02-02-2012,1,1,2,0,4,1,2,0.399167,0.398971,0.672917,0.187187,10.760849,10.332086,67.2917,12.541529,190,3571,3761
399,03-02-2012,1,1,2,0,5,1,1,0.313333,0.309346,0.526667,0.178496,6.726651,4.416836,52.6667,11.959232,310,3841,4151
400,04-02-2012,1,1,2,0,6,0,2,0.264167,0.272725,0.779583,0.121896,4.415849,1.99985,77.9583,8.167032,384,2448,2832
401,05-02-2012,1,1,2,0,0,0,2,0.265833,0.264521,0.687917,0.175996,4.494151,1.458386,68.7917,11.791732,318,2629,2947
402,06-02-2012,1,1,2,0,1,1,1,0.282609,0.296426,0.622174,0.1538,5.282623,3.564116,62.2174,10.3046,206,3578,3784
403,07-02-2012,1,1,2,0,2,1,1,0.354167,0.361104,0.49625,0.147379,8.645849,7.832864,49.625,9.874393,199,4176,4375
404,08-02-2012,1,1,2,0,3,1,2,0.256667,0.266421,0.722917,0.133721,4.063349,1.583786,72.2917,8.959307,109,2693,2802
405,09-02-2012,1,1,2,0,4,1,1,0.265,0.261988,0.562083,0.194037,4.455,1.291208,56.2083,13.000479,163,3667,3830
406,10-02-2012,1,1,2,0,5,1,2,0.280833,0.293558,0.54,0.116929,5.199151,3.374828,54,7.834243,227,3604,3831
407,11-02-2012,1,1,2,0,6,0,3,0.224167,0.210867,0.73125,0.289796,2.535849,-2.082778,73.125,19.416332,192,1977,2169
408,12-02-2012,1,1,2,0,0,0,1,0.1275,0.101658,0.464583,0.409212,-2.0075,-9.290572,46.4583,27.417204,73,1456,1529
409,13-02-2012,1,1,2,0,1,1,1,0.2225,0.227913,0.41125,0.167283,2.4575,-0.957742,41.125,11.207961,94,3328,3422
410,14-02-2012,1,1,2,0,2,1,2,0.319167,0.333946,0.50875,0.141179,7.000849,6.040436,50.875,9.458993,135,3787,3922
411,15-02-2012,1,1,2,0,3,1,1,0.348333,0.351629,0.53125,0.1816,8.371651,7.207514,53.125,12.1672,141,4028,4169
412,16-02-2012,1,1,2,0,4,1,2,0.316667,0.330162,0.752917,0.091425,6.883349,5.790692,75.2917,6.125475,74,2931,3005
413,17-02-2012,1,1,2,0,5,1,1,0.343333,0.351629,0.634583,0.205846,8.136651,7.207514,63.4583,13.791682,349,3805,4154
414,18-02-2012,1,1,2,0,6,0,1,0.346667,0.355425,0.534583,0.190929,8.293349,7.45805,53.4583,12.792243,1435,2883,4318
415,19-02-2012,1,1,2,0,0,0,2,0.28,0.265788,0.515833,0.253112,5.16,1.542008,51.5833,16.958504,618,2071,2689
416,20-02-2012,1,1,2,1,1,0,1,0.28,0.273391,0.507826,0.229083,5.16,2.043806,50.7826,15.348561,502,2627,3129
417,21-02-2012,1,1,2,0,2,1,1,0.287826,0.295113,0.594348,0.205717,5.527822,3.477458,59.4348,13.783039,163,3614,3777
418,22-02-2012,1,1,2,0,3,1,1,0.395833,0.392667,0.567917,0.234471,10.604151,9.916022,56.7917,15.709557,394,4379,4773
419,23-02-2012,1,1,2,0,4,1,1,0.454167,0.444446,0.554583,0.190913,13.345849,13.333436,55.4583,12.791171,516,4546,5062
420,24-02-2012,1,1,2,0,5,1,2,0.4075,0.410971,0.7375,0.237567,11.1525,11.124086,73.75,15.916989,246,3241,3487
421,25-02-2012,1,1,2,0,6,0,1,0.290833,0.255675,0.395833,0.421642,5.669151,0.87455,39.5833,28.250014,317,2415,2732
422,26-02-2012,1,1,2,0,0,0,1,0.279167,0.268308,0.41,0.205229,5.120849,1.708328,41,13.750343,515,2874,3389
423,27-02-2012,1,1,2,0,1,1,1,0.366667,0.357954,0.490833,0.268033,9.233349,7.624964,49.0833,17.958211,253,4069,4322
424,28-02-2012,1,1,2,0,2,1,1,0.359167,0.353525,0.395833,0.193417,8.880849,7.33265,39.5833,12.958939,229,4134,4363
425,29-02-2012,1,1,2,0,3,1,2,0.344348,0.34847,0.804783,0.179117,8.184356,6.99902,80.4783,12.000839,65,1769,1834
426,01-03-2012,1,1,3,0,4,1,1,0.485833,0.475371,0.615417,0.226987,14.834151,15.374486,61.5417,15.208129,325,4665,4990
427,02-03-2012,1,1,3,0,5,1,2,0.353333,0.359842,0.657083,0.144904,8.606651,7.749572,65.7083,9.708568,246,2948,3194
428,03-03-2012,1,1,3,0,6,0,2,0.414167,0.413492,0.62125,0.161079,11.465849,11.290472,62.125,10.792293,956,3110,4066
429,04-03-2012,1,1,3,0,0,0,1,0.325833,0.303021,0.403333,0.334571,7.314151,3.999386,40.3333,22.416257,710,2713,3423
430,05-03-2012,1,1,3,0,1,1,1,0.243333,0.241171,0.50625,0.228858,3.436651,-0.082714,50.625,15.333486,203,3130,3333
431,06-03-2012,1,1,3,0,2,1,1,0.258333,0.255042,0.456667,0.200875,4.141651,0.832772,45.6667,13.458625,221,3735,3956
432,07-03-2012,1,1,3,0,3,1,1,0.404167,0.3851,0.513333,0.345779,10.995849,9.4166,51.3333,23.167193,432,4484,4916
433,08-03-2012,1,1,3,0,4,1,1,0.5275,0.524604,0.5675,0.441563,16.7925,18.623864,56.75,29.584721,486,4896,5382
434,09-03-2012,1,1,3,0,5,1,2,0.410833,0.397083,0.407083,0.4148,11.309151,10.207478,40.7083,27.7916,447,4122,4569
435,10-03-2012,1,1,3,0,6,0,1,0.2875,0.277767,0.350417,0.22575,5.5125,2.332622,35.0417,15.12525,968,3150,4118
436,11-03-2012,1,1,3,0,0,0,1,0.361739,0.35967,0.476957,0.222587,9.001733,7.73822,47.6957,14.913329,1658,3253,4911
437,12-03-2012,1,1,3,0,1,1,1,0.466667,0.459592,0.489167,0.207713,13.933349,14.333072,48.9167,13.916771,838,4460,5298
438,13-03-2012,1,1,3,0,2,1,1,0.565,0.542929,0.6175,0.23695,18.555,19.833314,61.75,15.87565,762,5085,5847
439,14-03-2012,1,1,3,0,3,1,1,0.5725,0.548617,0.507083,0.115062,18.9075,20.208722,50.7083,7.709154,997,5315,6312
440,15-03-2012,1,1,3,0,4,1,1,0.5575,0.532825,0.579583,0.149883,18.2025,19.16645,57.9583,10.042161,1005,5187,6192
441,16-03-2012,1,1,3,0,5,1,2,0.435833,0.436229,0.842083,0.113192,12.484151,12.791114,84.2083,7.583864,548,3830,4378
442,17-03-2012,1,1,3,0,6,0,2,0.514167,0.505046,0.755833,0.110704,16.165849,17.333036,75.5833,7.417168,3155,4681,7836
443,18-03-2012,1,1,3,0,0,0,2,0.4725,0.464,0.81,0.126883,14.2075,14.624,81,8.501161,2207,3685,5892
444,19-03-2012,1,1,3,0,1,1,1,0.545,0.532821,0.72875,0.162317,17.615,19.166186,72.875,10.875239,982,5171,6153
445,20-03-2012,1,1,3,0,2,1,1,0.560833,0.538533,0.807917,0.121271,18.359151,19.543178,80.7917,8.125157,1051,5042,6093
446,21-03-2012,2,1,3,0,3,1,2,0.531667,0.513258,0.82125,0.0895583,16.988349,17.875028,82.125,6.0004061,1122,5108,6230
447,22-03-2012,2,1,3,0,4,1,1,0.554167,0.531567,0.83125,0.117562,18.045849,19.083422,83.125,7.876654,1334,5537,6871
448,23-03-2012,2,1,3,0,5,1,2,0.601667,0.570067,0.694167,0.1163,20.278349,21.624422,69.4167,7.7921,2469,5893,8362
449,24-03-2012,2,1,3,0,6,0,2,0.5025,0.486733,0.885417,0.192783,15.6175,16.124378,88.5417,12.916461,1033,2339,3372
450,25-03-2012,2,1,3,0,0,0,2,0.4375,0.437488,0.880833,0.220775,12.5625,12.874208,88.0833,14.791925,1532,3464,4996
451,26-03-2012,2,1,3,0,1,1,1,0.445833,0.43875,0.477917,0.386821,12.954151,12.9575,47.7917,25.917007,795,4763,5558
452,27-03-2012,2,1,3,0,2,1,1,0.323333,0.315654,0.29,0.187192,7.196651,4.833164,29,12.541864,531,4571,5102
453,28-03-2012,2,1,3,0,3,1,1,0.484167,0.47095,0.48125,0.291671,14.755849,15.0827,48.125,19.541957,674,5024,5698
454,29-03-2012,2,1,3,0,4,1,1,0.494167,0.482304,0.439167,0.31965,15.225849,15.832064,43.9167,21.41655,834,5299,6133
455,30-03-2012,2,1,3,0,5,1,2,0.37,0.375621,0.580833,0.138067,9.39,8.790986,58.0833,9.250489,796,4663,5459
456,31-03-2012,2,1,3,0,6,0,2,0.424167,0.421708,0.738333,0.250617,11.935849,11.832728,73.8333,16.791339,2301,3934,6235
457,01-04-2012,2,1,4,0,0,0,2,0.425833,0.417287,0.67625,0.172267,12.014151,11.540942,67.625,11.541889,2347,3694,6041
458,02-04-2012,2,1,4,0,1,1,1,0.433913,0.427513,0.504348,0.312139,12.393911,12.215858,50.4348,20.913313,1208,4728,5936
459,03-04-2012,2,1,4,0,2,1,1,0.466667,0.461483,0.396667,0.100133,13.933349,14.457878,39.6667,6.708911,1348,5424,6772
460,04-04-2012,2,1,4,0,3,1,1,0.541667,0.53345,0.469583,0.180975,17.458349,19.2077,46.9583,12.125325,1058,5378,6436
461,05-04-2012,2,1,4,0,4,1,1,0.435,0.431163,0.374167,0.219529,12.445,12.456758,37.4167,14.708443,1192,5265,6457
462,06-04-2012,2,1,4,0,5,1,1,0.403333,0.390767,0.377083,0.300388,10.956651,9.790622,37.7083,20.125996,1807,4653,6460
463,07-04-2012,2,1,4,0,6,0,1,0.4375,0.426129,0.254167,0.274871,12.5625,12.124514,25.4167,18.416357,3252,3605,6857
464,08-04-2012,2,1,4,0,0,0,1,0.5,0.492425,0.275833,0.232596,15.5,16.50005,27.5833,15.583932,2230,2939,5169
465,09-04-2012,2,1,4,0,1,1,1,0.489167,0.476638,0.3175,0.358196,14.990849,15.458108,31.75,23.999132,905,4680,5585
466,10-04-2012,2,1,4,0,2,1,1,0.446667,0.436233,0.435,0.249375,12.993349,12.791378,43.5,16.708125,819,5099,5918
467,11-04-2012,2,1,4,0,3,1,1,0.348696,0.337274,0.469565,0.295274,8.388712,6.260084,46.9565,19.783358,482,4380,4862
468,12-04-2012,2,1,4,0,4,1,1,0.3975,0.387604,0.46625,0.290429,10.6825,9.581864,46.625,19.458743,663,4746,5409
469,13-04-2012,2,1,4,0,5,1,1,0.4425,0.431808,0.408333,0.155471,12.7975,12.499328,40.8333,10.416557,1252,5146,6398
470,14-04-2012,2,1,4,0,6,0,1,0.495,0.487996,0.502917,0.190917,15.265,16.207736,50.2917,12.791439,2795,4665,7460
471,15-04-2012,2,1,4,0,0,0,1,0.606667,0.573875,0.507917,0.225129,20.513349,21.87575,50.7917,15.083643,2846,4286,7132
472,16-04-2012,2,1,4,1,1,0,1,0.664167,0.614925,0.561667,0.284829,23.215849,24.58505,56.1667,19.083543,1198,5172,6370
473,17-04-2012,2,1,4,0,2,1,1,0.608333,0.598487,0.390417,0.273629,20.591651,23.500142,39.0417,18.333143,989,5702,6691
474,18-04-2012,2,1,4,0,3,1,2,0.463333,0.457038,0.569167,0.167912,13.776651,14.164508,56.9167,11.250104,347,4020,4367
475,19-04-2012,2,1,4,0,4,1,1,0.498333,0.493046,0.6125,0.0659292,15.421651,16.541036,61.25,4.4172564,846,5719,6565
476,20-04-2012,2,1,4,0,5,1,1,0.526667,0.515775,0.694583,0.149871,16.753349,18.04115,69.4583,10.041357,1340,5950,7290
477,21-04-2012,2,1,4,0,6,0,1,0.57,0.542921,0.682917,0.283587,18.79,19.832786,68.2917,19.000329,2541,4083,6624
478,22-04-2012,2,1,4,0,0,0,3,0.396667,0.389504,0.835417,0.344546,10.643349,9.707264,83.5417,23.084582,120,907,1027
479,23-04-2012,2,1,4,0,1,1,2,0.321667,0.301125,0.766667,0.303496,7.118349,3.87425,76.6667,20.334232,195,3019,3214
480,24-04-2012,2,1,4,0,2,1,1,0.413333,0.405283,0.454167,0.249383,11.426651,10.748678,45.4167,16.708661,518,5115,5633
481,25-04-2012,2,1,4,0,3,1,1,0.476667,0.470317,0.427917,0.118792,14.403349,15.040922,42.7917,7.959064,655,5541,6196
482,26-04-2012,2,1,4,0,4,1,2,0.498333,0.483583,0.756667,0.176625,15.421651,15.916478,75.6667,11.833875,475,4551,5026
483,27-04-2012,2,1,4,0,5,1,1,0.4575,0.452637,0.400833,0.347633,13.5025,13.874042,40.0833,23.291411,1014,5219,6233
484,28-04-2012,2,1,4,0,6,0,2,0.376667,0.377504,0.489583,0.129975,9.703349,8.915264,48.9583,8.708325,1120,3100,4220
485,29-04-2012,2,1,4,0,0,0,1,0.458333,0.450121,0.587083,0.116908,13.541651,13.707986,58.7083,7.832836,2229,4075,6304
486,30-04-2012,2,1,4,0,1,1,2,0.464167,0.457696,0.57,0.171638,13.815849,14.207936,57,11.499746,665,4907,5572
487,01-05-2012,2,1,5,0,2,1,2,0.613333,0.577021,0.659583,0.156096,20.826651,22.083386,65.9583,10.458432,653,5087,5740
488,02-05-2012,2,1,5,0,3,1,1,0.564167,0.537896,0.797083,0.138058,18.515849,19.501136,79.7083,9.249886,667,5502,6169
489,03-05-2012,2,1,5,0,4,1,2,0.56,0.537242,0.768333,0.133696,18.32,19.457972,76.8333,8.957632,764,5657,6421
490,04-05-2012,2,1,5,0,5,1,1,0.6275,0.590917,0.735417,0.162938,21.4925,23.000522,73.5417,10.916846,1069,5227,6296
491,05-05-2012,2,1,5,0,6,0,2,0.621667,0.584608,0.756667,0.152992,21.218349,22.584128,75.6667,10.250464,2496,4387,6883
492,06-05-2012,2,1,5,0,0,0,2,0.5625,0.546737,0.74,0.149879,18.4375,20.084642,74,10.041893,2135,4224,6359
493,07-05-2012,2,1,5,0,1,1,2,0.5375,0.527142,0.664167,0.230721,17.2625,18.791372,66.4167,15.458307,1008,5265,6273
494,08-05-2012,2,1,5,0,2,1,2,0.581667,0.557471,0.685833,0.296029,19.338349,20.793086,68.5833,19.833943,738,4990,5728
495,09-05-2012,2,1,5,0,3,1,2,0.575,0.553025,0.744167,0.216412,19.025,20.49965,74.4167,14.499604,620,4097,4717
496,10-05-2012,2,1,5,0,4,1,1,0.505833,0.491783,0.552083,0.314063,15.774151,16.457678,55.2083,21.042221,1026,5546,6572
497,11-05-2012,2,1,5,0,5,1,1,0.533333,0.520833,0.360417,0.236937,17.066651,18.374978,36.0417,15.874779,1319,5711,7030
498,12-05-2012,2,1,5,0,6,0,1,0.564167,0.544817,0.480417,0.123133,18.515849,19.957922,48.0417,8.249911,2622,4807,7429
499,13-05-2012,2,1,5,0,0,0,1,0.6125,0.585238,0.57625,0.225117,20.7875,22.625708,57.625,15.082839,2172,3946,6118
500,14-05-2012,2,1,5,0,1,1,2,0.573333,0.5499,0.789583,0.212692,18.946651,20.2934,78.9583,14.250364,342,2501,2843
501,15-05-2012,2,1,5,0,2,1,2,0.611667,0.576404,0.794583,0.147392,20.748349,22.042664,79.4583,9.875264,625,4490,5115
502,16-05-2012,2,1,5,0,3,1,1,0.636667,0.595975,0.697917,0.122512,21.923349,23.33435,69.7917,8.208304,991,6433,7424
503,17-05-2012,2,1,5,0,4,1,1,0.593333,0.572613,0.52,0.229475,19.886651,21.792458,52,15.374825,1242,6142,7384
504,18-05-2012,2,1,5,0,5,1,1,0.564167,0.551121,0.523333,0.136817,18.515849,20.373986,52.3333,9.166739,1521,6118,7639
505,19-05-2012,2,1,5,0,6,0,1,0.6,0.566908,0.45625,0.083975,20.2,21.415928,45.625,5.626325,3410,4884,8294
506,20-05-2012,2,1,5,0,0,0,1,0.620833,0.583967,0.530417,0.254367,21.179151,22.541822,53.0417,17.042589,2704,4425,7129
507,21-05-2012,2,1,5,0,1,1,2,0.598333,0.565667,0.81125,0.233204,20.121651,21.334022,81.125,15.624668,630,3729,4359
508,22-05-2012,2,1,5,0,2,1,2,0.615,0.580825,0.765833,0.118167,20.905,22.33445,76.5833,7.917189,819,5254,6073
509,23-05-2012,2,1,5,0,3,1,2,0.621667,0.584612,0.774583,0.102,21.218349,22.584392,77.4583,6.834,766,4494,5260
510,24-05-2012,2,1,5,0,4,1,1,0.655,0.6067,0.716667,0.172896,22.785,24.0422,71.6667,11.584032,1059,5711,6770
511,25-05-2012,2,1,5,0,5,1,1,0.68,0.627529,0.747083,0.14055,23.96,25.416914,74.7083,9.41685,1417,5317,6734
512,26-05-2012,2,1,5,0,6,0,1,0.6925,0.642696,0.7325,0.198992,24.5475,26.417936,73.25,13.332464,2855,3681,6536
513,27-05-2012,2,1,5,0,0,0,1,0.69,0.641425,0.697083,0.215171,24.43,26.33405,69.7083,14.416457,3283,3308,6591
514,28-05-2012,2,1,5,1,1,0,1,0.7125,0.6793,0.67625,0.196521,25.4875,28.8338,67.625,13.166907,2557,3486,6043
515,29-05-2012,2,1,5,0,2,1,1,0.7225,0.672992,0.684583,0.2954,25.9575,28.417472,68.4583,19.7918,880,4863,5743
516,30-05-2012,2,1,5,0,3,1,2,0.656667,0.611129,0.67,0.134329,22.863349,24.334514,67,9.000043,745,6110,6855
517,31-05-2012,2,1,5,0,4,1,1,0.68,0.631329,0.492917,0.195279,23.96,25.667714,49.2917,13.083693,1100,6238,7338
518,01-06-2012,2,1,6,0,5,1,2,0.654167,0.607962,0.755417,0.237563,22.745849,24.125492,75.5417,15.916721,533,3594,4127
519,02-06-2012,2,1,6,0,6,0,1,0.583333,0.566288,0.549167,0.186562,19.416651,21.375008,54.9167,12.499654,2795,5325,8120
520,03-06-2012,2,1,6,0,0,0,1,0.6025,0.575133,0.493333,0.184087,20.3175,21.958778,49.3333,12.333829,2494,5147,7641
521,04-06-2012,2,1,6,0,1,1,1,0.5975,0.578283,0.487083,0.284833,20.0825,22.166678,48.7083,19.083811,1071,5927,6998
522,05-06-2012,2,1,6,0,2,1,2,0.540833,0.525892,0.613333,0.209575,17.419151,18.708872,61.3333,14.041525,968,6033,7001
523,06-06-2012,2,1,6,0,3,1,1,0.554167,0.542292,0.61125,0.077125,18.045849,19.791272,61.125,5.167375,1027,6028,7055
524,07-06-2012,2,1,6,0,4,1,1,0.6025,0.569442,0.567083,0.15735,20.3175,21.583172,56.7083,10.54245,1038,6456,7494
525,08-06-2012,2,1,6,0,5,1,1,0.649167,0.597862,0.467917,0.175383,22.510849,23.458892,46.7917,11.750661,1488,6248,7736
526,09-06-2012,2,1,6,0,6,0,1,0.710833,0.648367,0.437083,0.144287,25.409151,26.792222,43.7083,9.667229,2708,4790,7498
527,10-06-2012,2,1,6,0,0,0,1,0.726667,0.663517,0.538333,0.133721,26.153349,27.792122,53.8333,8.959307,2224,4374,6598
528,11-06-2012,2,1,6,0,1,1,2,0.720833,0.659721,0.587917,0.207713,25.879151,27.541586,58.7917,13.916771,1017,5647,6664
529,12-06-2012,2,1,6,0,2,1,2,0.653333,0.597875,0.833333,0.214546,22.706651,23.45975,83.3333,14.374582,477,4495,4972
530,13-06-2012,2,1,6,0,3,1,1,0.655833,0.611117,0.582083,0.343279,22.824151,24.333722,58.2083,22.999693,1173,6248,7421
531,14-06-2012,2,1,6,0,4,1,1,0.648333,0.624383,0.569583,0.253733,22.471651,25.209278,56.9583,17.000111,1180,6183,7363
532,15-06-2012,2,1,6,0,5,1,1,0.639167,0.599754,0.589583,0.176617,22.040849,23.583764,58.9583,11.833339,1563,6102,7665
533,16-06-2012,2,1,6,0,6,0,1,0.631667,0.594708,0.504167,0.166667,21.688349,23.250728,50.4167,11.166689,2963,4739,7702
534,17-06-2012,2,1,6,0,0,0,1,0.5925,0.571975,0.59875,0.144904,19.8475,21.75035,59.875,9.708568,2634,4344,6978
535,18-06-2012,2,1,6,0,1,1,2,0.568333,0.544842,0.777917,0.174746,18.711651,19.959572,77.7917,11.707982,653,4446,5099
536,19-06-2012,2,1,6,0,2,1,1,0.688333,0.654692,0.69,0.148017,24.351651,27.209672,69,9.917139,968,5857,6825
537,20-06-2012,2,1,6,0,3,1,1,0.7825,0.720975,0.592083,0.113812,28.7775,31.58435,59.2083,7.625404,872,5339,6211
538,21-06-2012,3,1,6,0,4,1,1,0.805833,0.752542,0.567917,0.118787,29.874151,33.667772,56.7917,7.958729,778,5127,5905
539,22-06-2012,3,1,6,0,5,1,1,0.7775,0.724121,0.57375,0.182842,28.5425,31.791986,57.375,12.250414,964,4859,5823
540,23-06-2012,3,1,6,0,6,0,1,0.731667,0.652792,0.534583,0.179721,26.388349,27.084272,53.4583,12.041307,2657,4801,7458
541,24-06-2012,3,1,6,0,0,0,1,0.743333,0.674254,0.479167,0.145525,26.936651,28.500764,47.9167,9.750175,2551,4340,6891
542,25-06-2012,3,1,6,0,1,1,1,0.715833,0.654042,0.504167,0.300383,25.644151,27.166772,50.4167,20.125661,1139,5640,6779
543,26-06-2012,3,1,6,0,2,1,1,0.630833,0.594704,0.373333,0.347642,21.649151,23.250464,37.3333,23.292014,1077,6365,7442
544,27-06-2012,3,1,6,0,3,1,1,0.6975,0.640792,0.36,0.271775,24.7825,26.292272,36,18.208925,1077,6258,7335
545,28-06-2012,3,1,6,0,4,1,1,0.749167,0.675512,0.4225,0.17165,27.210849,28.583792,42.25,11.50055,921,5958,6879
546,29-06-2012,3,1,6,0,5,1,1,0.834167,0.786613,0.48875,0.165417,31.205849,35.916458,48.875,11.082939,829,4634,5463
547,30-06-2012,3,1,6,0,6,0,1,0.765,0.687508,0.60125,0.161071,27.955,29.375528,60.125,10.791757,1455,4232,5687
548,01-07-2012,3,1,7,0,0,0,1,0.815833,0.750629,0.51875,0.168529,30.344151,33.541514,51.875,11.291443,1421,4110,5531
549,02-07-2012,3,1,7,0,1,1,1,0.781667,0.702038,0.447083,0.195267,28.738349,30.334508,44.7083,13.082889,904,5323,6227
550,03-07-2012,3,1,7,0,2,1,1,0.780833,0.70265,0.492083,0.126237,28.699151,30.3749,49.2083,8.457879,1052,5608,6660
551,04-07-2012,3,1,7,1,3,0,1,0.789167,0.732337,0.53875,0.13495,29.090849,32.334242,53.875,9.04165,2562,4841,7403
552,05-07-2012,3,1,7,0,4,1,1,0.8275,0.761367,0.457917,0.194029,30.8925,34.250222,45.7917,12.999943,1405,4836,6241
553,06-07-2012,3,1,7,0,5,1,1,0.828333,0.752533,0.450833,0.146142,30.931651,33.667178,45.0833,9.791514,1366,4841,6207
554,07-07-2012,3,1,7,0,6,0,1,0.861667,0.804913,0.492083,0.163554,32.498349,37.124258,49.2083,10.958118,1448,3392,4840
555,08-07-2012,3,1,7,0,0,0,1,0.8225,0.790396,0.57375,0.125629,30.6575,36.166136,57.375,8.417143,1203,3469,4672
556,09-07-2012,3,1,7,0,1,1,2,0.710833,0.654054,0.683333,0.180975,25.409151,27.167564,68.3333,12.125325,998,5571,6569
557,10-07-2012,3,1,7,0,2,1,2,0.720833,0.664796,0.6675,0.151737,25.879151,27.876536,66.75,10.166379,954,5336,6290
558,11-07-2012,3,1,7,0,3,1,1,0.716667,0.650271,0.633333,0.151733,25.683349,26.917886,63.3333,10.166111,975,6289,7264
559,12-07-2012,3,1,7,0,4,1,1,0.715833,0.654683,0.529583,0.146775,25.644151,27.209078,52.9583,9.833925,1032,6414,7446
560,13-07-2012,3,1,7,0,5,1,2,0.731667,0.667933,0.485833,0.08085,26.388349,28.083578,48.5833,5.41695,1511,5988,7499
561,14-07-2012,3,1,7,0,6,0,2,0.703333,0.666042,0.699167,0.143679,25.056651,27.958772,69.9167,9.626493,2355,4614,6969
562,15-07-2012,3,1,7,0,0,0,1,0.745833,0.705196,0.717917,0.166667,27.054151,30.542936,71.7917,11.166689,1920,4111,6031
563,16-07-2012,3,1,7,0,1,1,1,0.763333,0.724125,0.645,0.164187,27.876651,31.79225,64.5,11.000529,1088,5742,6830
564,17-07-2012,3,1,7,0,2,1,1,0.818333,0.755683,0.505833,0.114429,30.461651,33.875078,50.5833,7.666743,921,5865,6786
565,18-07-2012,3,1,7,0,3,1,1,0.793333,0.745583,0.577083,0.137442,29.286651,33.208478,57.7083,9.208614,799,4914,5713
566,19-07-2012,3,1,7,0,4,1,1,0.77,0.714642,0.600417,0.165429,28.19,31.166372,60.0417,11.083743,888,5703,6591
567,20-07-2012,3,1,7,0,5,1,2,0.665833,0.613025,0.844167,0.208967,23.294151,24.45965,84.4167,14.000789,747,5123,5870
568,21-07-2012,3,1,7,0,6,0,3,0.595833,0.549912,0.865417,0.2133,20.004151,20.294192,86.5417,14.2911,1264,3195,4459
569,22-07-2012,3,1,7,0,0,0,2,0.6675,0.623125,0.7625,0.0939208,23.3725,25.12625,76.25,6.2926936,2544,4866,7410
570,23-07-2012,3,1,7,0,1,1,1,0.741667,0.690017,0.694167,0.138683,26.858349,29.541122,69.4167,9.291761,1135,5831,6966
571,24-07-2012,3,1,7,0,2,1,1,0.750833,0.70645,0.655,0.211454,27.289151,30.6257,65.5,14.167418,1140,6452,7592
572,25-07-2012,3,1,7,0,3,1,1,0.724167,0.654054,0.45,0.1648,26.035849,27.167564,45,11.0416,1383,6790,8173
573,26-07-2012,3,1,7,0,4,1,1,0.776667,0.739263,0.596667,0.284813,28.503349,32.791358,59.6667,19.082471,1036,5825,6861
574,27-07-2012,3,1,7,0,5,1,1,0.781667,0.734217,0.594583,0.152992,28.738349,32.458322,59.4583,10.250464,1259,5645,6904
575,28-07-2012,3,1,7,0,6,0,1,0.755833,0.697604,0.613333,0.15735,27.524151,30.041864,61.3333,10.54245,2234,4451,6685
576,29-07-2012,3,1,7,0,0,0,1,0.721667,0.667933,0.62375,0.170396,25.918349,28.083578,62.375,11.416532,2153,4444,6597
577,30-07-2012,3,1,7,0,1,1,1,0.730833,0.684987,0.66875,0.153617,26.349151,29.209142,66.875,10.292339,1040,6065,7105
578,31-07-2012,3,1,7,0,2,1,1,0.713333,0.662896,0.704167,0.165425,25.526651,27.751136,70.4167,11.083475,968,6248,7216
579,01-08-2012,3,1,8,0,3,1,1,0.7175,0.667308,0.6775,0.141179,25.7225,28.042328,67.75,9.458993,1074,6506,7580
580,02-08-2012,3,1,8,0,4,1,1,0.7525,0.707088,0.659583,0.129354,27.3675,30.667808,65.9583,8.666718,983,6278,7261
581,03-08-2012,3,1,8,0,5,1,2,0.765833,0.722867,0.6425,0.215792,27.994151,31.709222,64.25,14.458064,1328,5847,7175
582,04-08-2012,3,1,8,0,6,0,1,0.793333,0.751267,0.613333,0.257458,29.286651,33.583622,61.3333,17.249686,2345,4479,6824
583,05-08-2012,3,1,8,0,0,0,1,0.769167,0.731079,0.6525,0.290421,28.150849,32.251214,65.25,19.458207,1707,3757,5464
584,06-08-2012,3,1,8,0,1,1,2,0.7525,0.710246,0.654167,0.129354,27.3675,30.876236,65.4167,8.666718,1233,5780,7013
585,07-08-2012,3,1,8,0,2,1,2,0.735833,0.697621,0.70375,0.116908,26.584151,30.042986,70.375,7.832836,1278,5995,7273
586,08-08-2012,3,1,8,0,3,1,2,0.75,0.707717,0.672917,0.1107,27.25,30.709322,67.2917,7.4169,1263,6271,7534
587,09-08-2012,3,1,8,0,4,1,1,0.755833,0.699508,0.620417,0.1561,27.524151,30.167528,62.0417,10.4587,1196,6090,7286
588,10-08-2012,3,1,8,0,5,1,2,0.715833,0.667942,0.715833,0.238813,25.644151,28.084172,71.5833,16.000471,1065,4721,5786
589,11-08-2012,3,1,8,0,6,0,2,0.6925,0.638267,0.732917,0.206479,24.5475,26.125622,73.2917,13.834093,2247,4052,6299
590,12-08-2012,3,1,8,0,0,0,1,0.700833,0.644579,0.530417,0.122512,24.939151,26.542214,53.0417,8.208304,2182,4362,6544
591,13-08-2012,3,1,8,0,1,1,1,0.720833,0.662254,0.545417,0.136212,25.879151,27.708764,54.5417,9.126204,1207,5676,6883
592,14-08-2012,3,1,8,0,2,1,1,0.726667,0.676779,0.686667,0.169158,26.153349,28.667414,68.6667,11.333586,1128,5656,6784
593,15-08-2012,3,1,8,0,3,1,1,0.706667,0.654037,0.619583,0.169771,25.213349,27.166442,61.9583,11.374657,1198,6149,7347
594,16-08-2012,3,1,8,0,4,1,1,0.719167,0.654688,0.519167,0.141796,25.800849,27.209408,51.9167,9.500332,1338,6267,7605
595,17-08-2012,3,1,8,0,5,1,1,0.723333,0.2424,0.570833,0.231354,25.996651,-0.0016,57.0833,15.500718,1483,5665,7148
596,18-08-2012,3,1,8,0,6,0,1,0.678333,0.618071,0.603333,0.177867,23.881651,24.792686,60.3333,11.917089,2827,5038,7865
597,19-08-2012,3,1,8,0,0,0,2,0.635833,0.603554,0.711667,0.08645,21.884151,23.834564,71.1667,5.79215,1208,3341,4549
598,20-08-2012,3,1,8,0,1,1,2,0.635833,0.595967,0.734167,0.129979,21.884151,23.333822,73.4167,8.708593,1026,5504,6530
599,21-08-2012,3,1,8,0,2,1,1,0.649167,0.601025,0.67375,0.0727708,22.510849,23.66765,67.375,4.8756436,1081,5925,7006
600,22-08-2012,3,1,8,0,3,1,1,0.6675,0.621854,0.677083,0.0702833,23.3725,25.042364,67.7083,4.7089811,1094,6281,7375
601,23-08-2012,3,1,8,0,4,1,1,0.695833,0.637008,0.635833,0.0845958,24.704151,26.042528,63.5833,5.6679186,1363,6402,7765
602,24-08-2012,3,1,8,0,5,1,2,0.7025,0.6471,0.615,0.0721458,25.0175,26.7086,61.5,4.8337686,1325,6257,7582
603,25-08-2012,3,1,8,0,6,0,2,0.661667,0.618696,0.712917,0.244408,23.098349,24.833936,71.2917,16.375336,1829,4224,6053
604,26-08-2012,3,1,8,0,0,0,2,0.653333,0.595996,0.845833,0.228858,22.706651,23.335736,84.5833,15.333486,1483,3772,5255
605,27-08-2012,3,1,8,0,1,1,1,0.703333,0.654688,0.730417,0.128733,25.056651,27.209408,73.0417,8.625111,989,5928,6917
606,28-08-2012,3,1,8,0,2,1,1,0.728333,0.66605,0.62,0.190925,26.231651,27.9593,62,12.791975,935,6105,7040
607,29-08-2012,3,1,8,0,3,1,1,0.685,0.635733,0.552083,0.112562,24.195,25.958378,55.2083,7.541654,1177,6520,7697
608,30-08-2012,3,1,8,0,4,1,1,0.706667,0.652779,0.590417,0.0771167,25.213349,27.083414,59.0417,5.1668189,1172,6541,7713
609,31-08-2012,3,1,8,0,5,1,1,0.764167,0.6894,0.5875,0.168533,27.915849,29.5004,58.75,11.291711,1433,5917,7350
610,01-09-2012,3,1,9,0,6,0,2,0.753333,0.702654,0.638333,0.113187,27.406651,30.375164,63.8333,7.583529,2352,3788,6140
611,02-09-2012,3,1,9,0,0,0,2,0.696667,0.649,0.815,0.0640708,24.743349,26.834,81.5,4.2927436,2613,3197,5810
612,03-09-2012,3,1,9,1,1,0,1,0.7075,0.661629,0.790833,0.151121,25.2525,27.667514,79.0833,10.125107,1965,4069,6034
613,04-09-2012,3,1,9,0,2,1,1,0.725833,0.686888,0.755,0.236321,26.114151,29.334608,75.5,15.833507,867,5997,6864
614,05-09-2012,3,1,9,0,3,1,1,0.736667,0.708983,0.74125,0.187808,26.623349,30.792878,74.125,12.583136,832,6280,7112
615,06-09-2012,3,1,9,0,4,1,2,0.696667,0.655329,0.810417,0.142421,24.743349,27.251714,81.0417,9.542207,611,5592,6203
616,07-09-2012,3,1,9,0,5,1,1,0.703333,0.657204,0.73625,0.171646,25.056651,27.375464,73.625,11.500282,1045,6459,7504
617,08-09-2012,3,1,9,0,6,0,2,0.659167,0.611121,0.799167,0.281104,22.980849,24.333986,79.9167,18.833968,1557,4419,5976
618,09-09-2012,3,1,9,0,0,0,1,0.61,0.578925,0.5475,0.224496,20.67,22.20905,54.75,15.041232,2570,5657,8227
619,10-09-2012,3,1,9,0,1,1,1,0.583333,0.565654,0.50375,0.258713,19.416651,21.333164,50.375,17.333771,1118,6407,7525
620,11-09-2012,3,1,9,0,2,1,1,0.5775,0.554292,0.52,0.0920542,19.1425,20.583272,52,6.1676314,1070,6697,7767
621,12-09-2012,3,1,9,0,3,1,1,0.599167,0.570075,0.577083,0.131846,20.160849,21.62495,57.7083,8.833682,1050,6820,7870
622,13-09-2012,3,1,9,0,4,1,1,0.6125,0.579558,0.637083,0.0827208,20.7875,22.250828,63.7083,5.5422936,1054,6750,7804
623,14-09-2012,3,1,9,0,5,1,1,0.633333,0.594083,0.6725,0.103863,21.766651,23.209478,67.25,6.958821,1379,6630,8009
624,15-09-2012,3,1,9,0,6,0,1,0.608333,0.585867,0.501667,0.247521,20.591651,22.667222,50.1667,16.583907,3160,5554,8714
625,16-09-2012,3,1,9,0,0,0,1,0.58,0.563125,0.57,0.0901833,19.26,21.16625,57,6.0422811,2166,5167,7333
626,17-09-2012,3,1,9,0,1,1,2,0.580833,0.55305,0.734583,0.151742,19.299151,20.5013,73.4583,10.166714,1022,5847,6869
627,18-09-2012,3,1,9,0,2,1,2,0.623333,0.565067,0.8725,0.357587,21.296651,21.294422,87.25,23.958329,371,3702,4073
628,19-09-2012,3,1,9,0,3,1,1,0.5525,0.540404,0.536667,0.215175,17.9675,19.666664,53.6667,14.416725,788,6803,7591
629,20-09-2012,3,1,9,0,4,1,1,0.546667,0.532192,0.618333,0.118167,17.693349,19.124672,61.8333,7.917189,939,6781,7720
630,21-09-2012,3,1,9,0,5,1,1,0.599167,0.571971,0.66875,0.154229,20.160849,21.750086,66.875,10.333343,1250,6917,8167
631,22-09-2012,3,1,9,0,6,0,1,0.65,0.610488,0.646667,0.283583,22.55,24.292208,64.6667,19.000061,2512,5883,8395
632,23-09-2012,4,1,9,0,0,0,1,0.529167,0.518933,0.467083,0.223258,16.870849,18.249578,46.7083,14.958286,2454,5453,7907
633,24-09-2012,4,1,9,0,1,1,1,0.514167,0.502513,0.492917,0.142404,16.165849,17.165858,49.2917,9.541068,1001,6435,7436
634,25-09-2012,4,1,9,0,2,1,1,0.55,0.544179,0.57,0.236321,17.85,19.915814,57,15.833507,845,6693,7538
635,26-09-2012,4,1,9,0,3,1,1,0.635,0.596613,0.630833,0.2444,21.845,23.376458,63.0833,16.3748,787,6946,7733
636,27-09-2012,4,1,9,0,4,1,2,0.65,0.607975,0.690833,0.134342,22.55,24.12635,69.0833,9.000914,751,6642,7393
637,28-09-2012,4,1,9,0,5,1,2,0.619167,0.585863,0.69,0.164179,21.100849,22.666958,69,10.999993,1045,6370,7415
638,29-09-2012,4,1,9,0,6,0,1,0.5425,0.530296,0.542917,0.227604,17.4975,18.999536,54.2917,15.249468,2589,5966,8555
639,30-09-2012,4,1,9,0,0,0,1,0.526667,0.517663,0.583333,0.134958,16.753349,18.165758,58.3333,9.042186,2015,4874,6889
640,01-10-2012,4,1,10,0,1,1,2,0.520833,0.512,0.649167,0.0908042,16.479151,17.792,64.9167,6.0838814,763,6015,6778
641,02-10-2012,4,1,10,0,2,1,3,0.590833,0.542333,0.871667,0.104475,19.769151,19.793978,87.1667,6.999825,315,4324,4639
642,03-10-2012,4,1,10,0,3,1,2,0.6575,0.599133,0.79375,0.0665458,22.9025,23.542778,79.375,4.4585686,728,6844,7572
643,04-10-2012,4,1,10,0,4,1,2,0.6575,0.607975,0.722917,0.117546,22.9025,24.12635,72.2917,7.875582,891,6437,7328
644,05-10-2012,4,1,10,0,5,1,1,0.615,0.580187,0.6275,0.10635,20.905,22.292342,62.75,7.12545,1516,6640,8156
645,06-10-2012,4,1,10,0,6,0,1,0.554167,0.538521,0.664167,0.268025,18.045849,19.542386,66.4167,17.957675,3031,4934,7965
646,07-10-2012,4,1,10,0,0,0,2,0.415833,0.419813,0.708333,0.141162,11.544151,11.707658,70.8333,9.457854,781,2729,3510
647,08-10-2012,4,1,10,1,1,0,2,0.383333,0.387608,0.709583,0.189679,10.016651,9.582128,70.9583,12.708493,874,4604,5478
648,09-10-2012,4,1,10,0,2,1,2,0.446667,0.438112,0.761667,0.1903,12.993349,12.915392,76.1667,12.7501,601,5791,6392
649,10-10-2012,4,1,10,0,3,1,1,0.514167,0.503142,0.630833,0.187821,16.165849,17.207372,63.0833,12.584007,780,6911,7691
650,11-10-2012,4,1,10,0,4,1,1,0.435,0.431167,0.463333,0.181596,12.445,12.457022,46.3333,12.166932,834,6736,7570
651,12-10-2012,4,1,10,0,5,1,1,0.4375,0.433071,0.539167,0.235092,12.5625,12.582686,53.9167,15.751164,1060,6222,7282
652,13-10-2012,4,1,10,0,6,0,1,0.393333,0.391396,0.494583,0.146142,10.486651,9.832136,49.4583,9.791514,2252,4857,7109
653,14-10-2012,4,1,10,0,0,0,1,0.521667,0.508204,0.640417,0.278612,16.518349,17.541464,64.0417,18.667004,2080,4559,6639
654,15-10-2012,4,1,10,0,1,1,2,0.561667,0.53915,0.7075,0.296037,18.398349,19.5839,70.75,19.834479,760,5115,5875
655,16-10-2012,4,1,10,0,2,1,1,0.468333,0.460846,0.558333,0.182221,14.011651,14.415836,55.8333,12.208807,922,6612,7534
656,17-10-2012,4,1,10,0,3,1,1,0.455833,0.450108,0.692917,0.101371,13.424151,13.707128,69.2917,6.791857,979,6482,7461
657,18-10-2012,4,1,10,0,4,1,2,0.5225,0.512625,0.728333,0.236937,16.5575,17.83325,72.8333,15.874779,1008,6501,7509
658,19-10-2012,4,1,10,0,5,1,2,0.563333,0.537896,0.815,0.134954,18.476651,19.501136,81.5,9.041918,753,4671,5424
659,20-10-2012,4,1,10,0,6,0,1,0.484167,0.472842,0.572917,0.117537,14.755849,15.207572,57.2917,7.874979,2806,5284,8090
660,21-10-2012,4,1,10,0,0,0,1,0.464167,0.456429,0.51,0.166054,13.815849,14.124314,51,11.125618,2132,4692,6824
661,22-10-2012,4,1,10,0,1,1,1,0.4875,0.482942,0.568333,0.0814833,14.9125,15.874172,56.8333,5.4593811,830,6228,7058
662,23-10-2012,4,1,10,0,2,1,1,0.544167,0.530304,0.641667,0.0945458,17.575849,19.000064,64.1667,6.3345686,841,6625,7466
663,24-10-2012,4,1,10,0,3,1,1,0.5875,0.558721,0.63625,0.0727792,19.6125,20.875586,63.625,4.8762064,795,6898,7693
664,25-10-2012,4,1,10,0,4,1,2,0.55,0.529688,0.800417,0.124375,17.85,18.959408,80.0417,8.333125,875,6484,7359
665,26-10-2012,4,1,10,0,5,1,2,0.545833,0.52275,0.807083,0.132467,17.654151,18.5015,80.7083,8.875289,1182,6262,7444
666,27-10-2012,4,1,10,0,6,0,2,0.53,0.515133,0.72,0.235692,16.91,17.998778,72,15.791364,2643,5209,7852
667,28-10-2012,4,1,10,0,0,0,2,0.4775,0.467771,0.694583,0.398008,14.4425,14.872886,69.4583,26.666536,998,3461,4459
668,29-10-2012,4,1,10,0,1,1,3,0.44,0.4394,0.88,0.3582,12.68,13.0004,88,23.9994,2,20,22
669,30-10-2012,4,1,10,0,2,1,2,0.318182,0.309909,0.825455,0.213009,6.954554,4.453994,82.5455,14.271603,87,1009,1096
670,31-10-2012,4,1,10,0,3,1,2,0.3575,0.3611,0.666667,0.166667,8.8025,7.8326,66.6667,11.166689,419,5147,5566
671,01-11-2012,4,1,11,0,4,1,2,0.365833,0.369942,0.581667,0.157346,9.194151,8.416172,58.1667,10.542182,466,5520,5986
672,02-11-2012,4,1,11,0,5,1,1,0.355,0.356042,0.522083,0.266175,8.685,7.498772,52.2083,17.833725,618,5229,5847
673,03-11-2012,4,1,11,0,6,0,2,0.343333,0.323846,0.49125,0.270529,8.136651,5.373836,49.125,18.125443,1029,4109,5138
674,04-11-2012,4,1,11,0,0,0,1,0.325833,0.329538,0.532917,0.179108,7.314151,5.749508,53.2917,12.000236,1201,3906,5107
675,05-11-2012,4,1,11,0,1,1,1,0.319167,0.308075,0.494167,0.236325,7.000849,4.33295,49.4167,15.833775,378,4881,5259
676,06-11-2012,4,1,11,0,2,1,1,0.280833,0.281567,0.567083,0.173513,5.199151,2.583422,56.7083,11.625371,466,5220,5686
677,07-11-2012,4,1,11,0,3,1,2,0.295833,0.274621,0.5475,0.304108,5.904151,2.124986,54.75,20.375236,326,4709,5035
678,08-11-2012,4,1,11,0,4,1,1,0.352174,0.341891,0.333478,0.347835,8.552178,6.564806,33.3478,23.304945,340,4975,5315
679,09-11-2012,4,1,11,0,5,1,1,0.361667,0.355413,0.540833,0.214558,8.998349,7.457258,54.0833,14.375386,709,5283,5992
680,10-11-2012,4,1,11,0,6,0,1,0.389167,0.393937,0.645417,0.0578458,10.290849,9.999842,64.5417,3.8756686,2090,4446,6536
681,11-11-2012,4,1,11,0,0,0,1,0.420833,0.421713,0.659167,0.1275,11.779151,11.833058,65.9167,8.5425,2290,4562,6852
682,12-11-2012,4,1,11,1,1,0,1,0.485,0.475383,0.741667,0.173517,14.795,15.375278,74.1667,11.625639,1097,5172,6269
683,13-11-2012,4,1,11,0,2,1,2,0.343333,0.323225,0.662917,0.342046,8.136651,5.33285,66.2917,22.917082,327,3767,4094
684,14-11-2012,4,1,11,0,3,1,1,0.289167,0.281563,0.552083,0.199625,5.590849,2.583158,55.2083,13.374875,373,5122,5495
685,15-11-2012,4,1,11,0,4,1,2,0.321667,0.324492,0.620417,0.152987,7.118349,5.416472,62.0417,10.250129,320,5125,5445
686,16-11-2012,4,1,11,0,5,1,1,0.345,0.347204,0.524583,0.171025,8.215,6.915464,52.4583,11.458675,484,5214,5698
687,17-11-2012,4,1,11,0,6,0,1,0.325,0.326383,0.545417,0.179729,7.275,5.541278,54.5417,12.041843,1313,4316,5629
688,18-11-2012,4,1,11,0,0,0,1,0.3425,0.337746,0.692917,0.227612,8.0975,6.291236,69.2917,15.250004,922,3747,4669
689,19-11-2012,4,1,11,0,1,1,2,0.380833,0.375621,0.623333,0.235067,9.899151,8.790986,62.3333,15.749489,449,5050,5499
690,20-11-2012,4,1,11,0,2,1,2,0.374167,0.380667,0.685,0.082725,9.585849,9.124022,68.5,5.542575,534,5100,5634
691,21-11-2012,4,1,11,0,3,1,1,0.353333,0.364892,0.61375,0.103246,8.606651,8.082872,61.375,6.917482,615,4531,5146
692,22-11-2012,4,1,11,1,4,0,1,0.34,0.350371,0.580417,0.0528708,7.98,7.124486,58.0417,3.5423436,955,1470,2425
693,23-11-2012,4,1,11,0,5,1,1,0.368333,0.378779,0.56875,0.148021,9.311651,8.999414,56.875,9.917407,1603,2307,3910
694,24-11-2012,4,1,11,0,6,0,1,0.278333,0.248742,0.404583,0.376871,5.081651,0.416972,40.4583,25.250357,532,1745,2277
695,25-11-2012,4,1,11,0,0,0,1,0.245833,0.257583,0.468333,0.1505,3.554151,1.000478,46.8333,10.0835,309,2115,2424
696,26-11-2012,4,1,11,0,1,1,1,0.313333,0.339004,0.535417,0.04665,6.726651,6.374264,53.5417,3.12555,337,4750,5087
697,27-11-2012,4,1,11,0,2,1,2,0.291667,0.281558,0.786667,0.237562,5.708349,2.582828,78.6667,15.916654,123,3836,3959
698,28-11-2012,4,1,11,0,3,1,1,0.296667,0.289762,0.50625,0.210821,5.943349,3.124292,50.625,14.125007,198,5062,5260
699,29-11-2012,4,1,11,0,4,1,1,0.28087,0.298422,0.555652,0.115522,5.20089,3.695852,55.5652,7.739974,243,5080,5323
700,30-11-2012,4,1,11,0,5,1,1,0.298333,0.323867,0.649583,0.0584708,6.021651,5.375222,64.9583,3.9175436,362,5306,5668
701,01-12-2012,4,1,12,0,6,0,2,0.298333,0.316904,0.806667,0.0597042,6.021651,4.915664,80.6667,4.0001814,951,4240,5191
702,02-12-2012,4,1,12,0,0,0,2,0.3475,0.359208,0.823333,0.124379,8.3325,7.707728,82.3333,8.333393,892,3757,4649
703,03-12-2012,4,1,12,0,1,1,1,0.4525,0.455796,0.7675,0.0827208,13.2675,14.082536,76.75,5.5422936,555,5679,6234
704,04-12-2012,4,1,12,0,2,1,1,0.475833,0.469054,0.73375,0.174129,14.364151,14.957564,73.375,11.666643,551,6055,6606
705,05-12-2012,4,1,12,0,3,1,1,0.438333,0.428012,0.485,0.324021,12.601651,12.248792,48.5,21.709407,331,5398,5729
706,06-12-2012,4,1,12,0,4,1,1,0.255833,0.258204,0.50875,0.174754,4.024151,1.041464,50.875,11.708518,340,5035,5375
707,07-12-2012,4,1,12,0,5,1,2,0.320833,0.321958,0.764167,0.1306,7.079151,5.249228,76.4167,8.7502,349,4659,5008
708,08-12-2012,4,1,12,0,6,0,2,0.381667,0.389508,0.91125,0.101379,9.938349,9.707528,91.125,6.792393,1153,4429,5582
709,09-12-2012,4,1,12,0,0,0,2,0.384167,0.390146,0.905417,0.157975,10.055849,9.749636,90.5417,10.584325,441,2787,3228
710,10-12-2012,4,1,12,0,1,1,2,0.435833,0.435575,0.925,0.190308,12.484151,12.74795,92.5,12.750636,329,4841,5170
711,11-12-2012,4,1,12,0,2,1,2,0.353333,0.338363,0.596667,0.296037,8.606651,6.331958,59.6667,19.834479,282,5219,5501
712,12-12-2012,4,1,12,0,3,1,2,0.2975,0.297338,0.538333,0.162937,5.9825,3.624308,53.8333,10.916779,310,5009,5319
713,13-12-2012,4,1,12,0,4,1,1,0.295833,0.294188,0.485833,0.174129,5.904151,3.416408,48.5833,11.666643,425,5107,5532
714,14-12-2012,4,1,12,0,5,1,1,0.281667,0.294192,0.642917,0.131229,5.238349,3.416672,64.2917,8.792343,429,5182,5611
715,15-12-2012,4,1,12,0,6,0,1,0.324167,0.338383,0.650417,0.10635,7.235849,6.333278,65.0417,7.12545,767,4280,5047
716,16-12-2012,4,1,12,0,0,0,2,0.3625,0.369938,0.83875,0.100742,9.0375,8.415908,83.875,6.749714,538,3248,3786
717,17-12-2012,4,1,12,0,1,1,2,0.393333,0.4015,0.907083,0.0982583,10.486651,10.499,90.7083,6.5833061,212,4373,4585
718,18-12-2012,4,1,12,0,2,1,1,0.410833,0.409708,0.66625,0.221404,11.309151,11.040728,66.625,14.834068,433,5124,5557
719,19-12-2012,4,1,12,0,3,1,1,0.3325,0.342162,0.625417,0.184092,7.6275,6.582692,62.5417,12.334164,333,4934,5267
720,20-12-2012,4,1,12,0,4,1,2,0.33,0.335217,0.667917,0.132463,7.51,6.124322,66.7917,8.875021,314,3814,4128
721,21-12-2012,1,1,12,0,5,1,2,0.326667,0.301767,0.556667,0.374383,7.353349,3.916622,55.6667,25.083661,221,3402,3623
722,22-12-2012,1,1,12,0,6,0,1,0.265833,0.236113,0.44125,0.407346,4.494151,-0.416542,44.125,27.292182,205,1544,1749
723,23-12-2012,1,1,12,0,0,0,1,0.245833,0.259471,0.515417,0.133083,3.554151,1.125086,51.5417,8.916561,408,1379,1787
724,24-12-2012,1,1,12,0,1,1,2,0.231304,0.2589,0.791304,0.0772304,2.871288,1.0874,79.1304,5.1744368,174,746,920
725,25-12-2012,1,1,12,1,2,0,2,0.291304,0.294465,0.734783,0.168726,5.691288,3.43469,73.4783,11.304642,440,573,1013
726,26-12-2012,1,1,12,0,3,1,3,0.243333,0.220333,0.823333,0.316546,3.436651,-1.458022,82.3333,21.208582,9,432,441
727,27-12-2012,1,1,12,0,4,1,2,0.254167,0.226642,0.652917,0.350133,3.945849,-1.041628,65.2917,23.458911,247,1867,2114
728,28-12-2012,1,1,12,0,5,1,2,0.253333,0.255046,0.59,0.155471,3.906651,0.833036,59,10.416557,644,2451,3095
729,29-12-2012,1,1,12,0,6,0,2,0.253333,0.2424,0.752917,0.124383,3.906651,-0.0016,75.2917,8.333661,159,1182,1341
730,30-12-2012,1,1,12,0,0,0,1,0.255833,0.2317,0.483333,0.350754,4.024151,-0.7078,48.3333,23.500518,364,1432,1796
731,31-12-2012,1,1,12,0,1,1,2,0.215833,0.223487,0.5775,0.154846,2.144151,-1.249858,57.75,10.374682,439,2290,2729
